target,Prevotella,Faecalibacterium,Klebsiella,Roseburia,Bifidobacterium,Enterobacter,Clostridium,Oscillibacter,Azospirillum,Akkermansia,Ruminococcus,Subdoligranulum,Bilophila,Blautia,Lachnoclostridium,Actinomyces,Desulfovibrio,Coprococcus,Butyricicoccus,Anaerotruncus,Streptococcus,Eggerthella,Acidaminococcus,Butyrivibrio,Flavonifractor,Pyramidobacter,Veillonella,Acidiphilium,Dorea,Ruminiclostridium,Intestinimonas,Peptoclostridium,Coprobacillus,Porphyromonas,Pseudoflavonifractor,Paenibacillus,Holdemania,Tyzzerella,Marvinbryantia,Enterococcus,Oribacterium,Treponema,Robinsoniella
hyper,0.552945533,0.016997638,2.99e-6,0.007470278,0.001917892,8.52e-7,0.013094373,0.003887786,1.00094e-4,9.11e-5,0.00959252,0.002345113,0.001549494,0.001943096,0.001948087,2.73e-5,3.62e-5,6.28334e-4,1.46156e-4,5.15077e-4,1.25628e-4,1.97327e-4,1.76773e-4,5.32961e-4,7.02e-5,8.71e-6,1.28388e-4,6.77e-6,9.94193e-4,4.94308e-4,1.33388e-4,2.72729e-4,1.01716e-4,0.001229677,1.14131e-4,1.24496e-4,1.02923e-4,1.04919e-4,8.5e-5,1.00783e-4,1.43039e-4,6.19e-5,6.6e-5
hyper,0.216817026,0.285001221,5.93e-5,0.002360185,5.09099e-4,8.65e-5,0.014364794,0.032654162,3.44e-6,4.88e-6,0.012821571,0.007960717,0.011882852,0.001669767,0.002475852,2.01e-5,2.33735e-4,3.12288e-4,0.001412608,8.60256e-4,6.87e-5,1.51688e-4,2.6038e-4,3.67641e-4,5.28431e-4,9.31e-5,3e-5,2.85e-5,2.40056e-4,8.7575e-4,6.62427e-4,4.66358e-4,3.77e-5,1.44083e-4,5.467e-4,3.03486e-4,6.01691e-4,8.65e-5,1.21484e-4,6.67e-5,1.35662e-4,1.34727e-4,9.3e-5
control,0.297925476,0.004433157,0.005131146,0.007511091,2.10947e-4,1.38e-5,0.038461433,8.90462e-4,2.32e-5,3.91e-7,0.001286894,6.16036e-4,0.001753341,0.002723388,0.00373012,8.76e-5,4.47e-5,3.69418e-4,1.49846e-4,1.65025e-4,3.17e-5,8.13e-5,2.03e-5,2.48859e-4,1.38377e-4,7.72e-6,6.35e-5,1.84e-7,4.40361e-4,1.70612e-4,1.00676e-4,3.69181e-4,2.06e-5,4.71421e-4,1.25527e-4,8.77e-5,5.8e-5,2.41914e-4,1.14575e-4,5.99e-5,8.45e-5,6.8e-5,8.33e-5
control,0.005788619,0.018815789,4.39e-6,0.00506672,0.011450749,2.8e-6,0.028618049,0.001151345,1.12e-5,4.92e-7,0.003026822,0.002700141,0.002882284,0.005492044,0.006487739,3.63023e-4,2.6302e-4,4.20664e-4,1.16203e-4,3.48961e-4,3.44e-5,5.27e-5,7.48e-5,1.88456e-4,9.4e-5,8.93e-6,4.28e-5,4.13e-7,5.23463e-4,2.97778e-4,6.96e-5,2.84295e-4,2.89e-5,0.001071442,7e-5,8e-5,3.11e-5,2.51998e-4,9.47e-5,4.86e-5,2.32472e-4,5.7e-5,7.34e-5
control,0.277107698,0.111401829,3.73e-6,0.008210504,1.62713e-4,6.66e-7,0.025220322,0.011259685,2.65e-6,3.85e-6,0.005182118,0.001794107,1.54e-5,0.001591584,0.003045145,1.13103e-4,1.6048e-4,5.74364e-4,3.40602e-4,6.90903e-4,1.6937e-4,1.30947e-4,1.66959e-4,8.02379e-4,3.83188e-4,6.11e-5,2.21067e-4,5.25e-6,8.10708e-4,8.59133e-4,8.69394e-4,4.39082e-4,8.55e-5,3.03356e-4,4.48167e-4,5.00436e-4,4.37542e-4,3.79439e-4,1.92876e-4,1.31083e-4,3.44604e-4,1.80005e-4,5.57e-5
hyper,0.005176639,4.45e-5,4.55764e-4,3.37839e-4,8.58e-5,6.46e-5,0.001865854,1.21247e-4,4.14e-7,2.04e-7,0.00150863,2.94e-5,0.002920596,0.009719785,0.004426664,7.10582e-4,3.32e-5,8.8558e-4,4.48e-5,3.71e-5,4.45e-5,2.22866e-4,2.42e-5,3.27e-5,9.93052e-4,1.55e-6,2.49629e-4,1.09e-6,3.42732e-4,5.49e-5,5.99e-5,1.80856e-4,1.25543e-4,2.41849e-4,1.09166e-4,1.31138e-4,1.72e-5,0.001312693,2.92e-5,8.19e-5,1.52e-5,5.19e-6,2.53e-5
control,0.25739336,0.131850996,8.28783e-4,0.020146458,5.76398e-4,2.72121e-4,0.019729727,0.028316164,3.97e-6,3.39e-5,0.009503619,0.008089875,9.63177e-4,0.001919961,0.003099638,2.69e-5,0.00237318,7.1936e-4,9.95264e-4,0.001364298,1.4978e-4,1.32362e-4,1.06509e-4,8.90603e-4,2.72455e-4,9.71e-5,3.74e-5,1.11468e-4,6.78385e-4,0.001191687,7.87831e-4,4.9419e-4,7.59e-5,3.56566e-4,8.4766e-4,2.95655e-4,3.84992e-4,3.30366e-4,2.33001e-4,1.35648e-4,2.21957e-4,1.78247e-4,1.29646e-4
control,0.00214518,0.105959842,0.002690387,0.008454939,0.003812743,2.76e-5,0.04753084,0.027397853,2.67e-5,0.023188237,0.003993349,0.02310633,0.024971799,0.003992535,0.006676209,1.1712e-4,4.79825e-4,5.36134e-4,7.03873e-4,0.002498685,1.7368e-4,0.001221064,1.30043e-4,0.001012115,0.001521834,1.47613e-4,1.45533e-4,6.93e-5,9.25603e-4,0.001966137,0.004156175,9.18252e-4,1.19988e-4,3.06367e-4,0.00251173,7.87887e-4,9.10007e-4,2.63969e-4,5.44734e-4,9.19e-5,2.56294e-4,2.49424e-4,2.29476e-4
hyper,0.016264809,0.054974389,0.022726552,0.002799609,0.003220337,0.00748609,0.02209384,0.048846618,5.04e-6,4.46e-6,0.039082706,0.013219473,0.025973334,0.001183743,0.002622643,1.53698e-4,0.028480965,5.82187e-4,7.32698e-4,0.004882303,2.20448e-4,7.64006e-4,4.83484e-4,8.08771e-4,0.001582652,2.91822e-4,9.91e-5,1.48632e-4,5.16331e-4,0.002448233,0.00229629,5.60382e-4,3.31e-5,3.75e-5,0.001830671,8.97724e-4,4.26541e-4,1.23099e-4,3.82708e-4,1.57295e-4,3.80577e-4,2.95394e-4,3.89417e-4
hyper,0.001945541,0.113091069,0.001508415,0.024142841,0.014741719,1.19172e-4,0.037129976,0.018032443,1.12e-5,2.47e-6,0.019846677,0.009505335,0.021015074,0.007967804,0.010723388,3.19186e-4,3.81209e-4,0.001407304,5.27864e-4,7.89529e-4,6.9e-5,0.00051308600000000005,4.53444e-4,3.62625e-4,0.001003551,1.25209e-4,8.69e-5,7.44e-6,6.42606e-4,0.001111482,9.26118e-4,7.88994e-4,4.32e-5,3.39796e-4,6.21534e-4,2.07187e-4,9.83121e-4,5.69017e-4,2.33874e-4,6.91e-5,1.99292e-4,1.47322e-4,1.10441e-4
control,0.001999454,0.200694914,2.25445e-4,0.03918987,0.019192027,0.001265061,0.03378158,0.01244622,2.43e-6,2.37e-6,0.003528141,0.044117232,0.003420521,0.0057378180000000004,0.013211418,4.7016e-4,5.09e-5,8.99242e-4,0.001332344,8.77428e-4,1.77863e-4,2.24649e-4,3.11672e-4,0.001073677,8.58334e-4,7.91e-5,4.04502e-4,5.24e-6,0.001426003,0.001454003,5.60588e-4,0.001854669,8.13e-5,3.8034e-4,0.001020901,5.02352e-4,5.1769e-4,5.80347e-4,5.46615e-4,1.25572e-4,4.46377e-4,1.69367e-4,3.52945e-4
hyper,0.520879859,0.060277919,2.8e-5,0.004264009,0.008029141,1.65e-6,0.012913685,0.008724391,6.17e-6,3.39e-5,0.004524036,0.016424599,0.002871625,0.005510072,0.002947034,6.16e-5,6.26e-5,0.002724964,0.001365721,4.49033e-4,2.11998e-4,1.32742e-4,7.56e-5,3.75077e-4,1.81351e-4,3.72e-5,7.7844e-4,5.21e-6,7.34846e-4,6.18228e-4,2.30733e-4,4.80675e-4,7.22e-5,5.53795e-4,2.96849e-4,3.79656e-4,9.07e-5,1.49971e-4,1.96999e-4,8.36e-5,1.13412e-4,1.22872e-4,1.8578e-4
control,0.003812002,0.144297349,5.20589e-4,0.033553354,3.74028e-4,0.001004143,0.044523342,0.008101525,1.27266e-4,6.75264e-4,0.008634222,0.005699281,0.00276136,0.005506754,0.006097913,2.61e-5,7.19e-5,0.004116632,4.2162e-4,0.007426689,3.15123e-4,1.28896e-4,2.19134e-4,0.002380106,2.27937e-4,6.98e-5,3.73819e-4,9.37e-5,0.001601462,0.001150636,4.49969e-4,7.18043e-4,1.81022e-4,2.8854e-4,4.20817e-4,4.87909e-4,2.94367e-4,7.53824e-4,3.7553e-4,2.79597e-4,4.05987e-4,2.40896e-4,2.41916e-4
control,0.502800331,0.024554918,0.007485892,0.010387695,5.2951e-4,5.78e-5,0.01268281,0.004920795,0,1.3e-6,0.00412269,0.002907043,9.96e-5,0.001987525,0.003604749,1.17021e-4,9.7e-5,0.004956958,1.24406e-4,2.54782e-4,0.006431027,1.40346e-4,2.6151e-4,7.373e-4,9.07e-5,2.44e-5,0.001218359,1.63934e-4,0.004692838,3.71088e-4,1.61027e-4,2.48515e-4,4.8e-5,5.29939e-4,1.48192e-4,2.92808e-4,1.07491e-4,2.16573e-4,1.48688e-4,2.24116e-4,1.1387e-4,2.77827e-4,9.55e-5
hyper,0.002003678,0.076328723,0.006075211,0.013707397,2.88746e-4,1.2422e-4,0.023342002,0.002847908,1.57e-5,1.45e-6,0.003801845,4.67151e-4,7.42696e-4,0.002749426,0.008959911,4.65191e-4,2.44e-5,3.569e-4,4.56576e-4,5.11534e-4,1.45785e-4,1.48776e-4,4.91e-5,3.83455e-4,8.28903e-4,1.52e-5,5.2e-5,1.8e-6,0.001105844,5.15968e-4,1.76996e-4,6.00942e-4,5.5e-5,2.00382e-4,2.30562e-4,1.13255e-4,1.63344e-4,4.17908e-4,2.18148e-4,8.04e-5,1.90644e-4,1.65437e-4,8.87e-5
control,0.002397412,0.188455554,8.44539e-4,0.049241291,0.003294927,1.81693e-4,0.029099516,0.002317895,3.25e-6,5.68e-8,0.003274261,0.006916506,7.48e-6,0.008414221,0.00712126,1.33682e-4,1.48e-5,0.001713938,0.00186608,9.63544e-4,1.94804e-4,3.55965e-4,7.39e-5,0.001038308,4.06558e-4,6.53e-5,9.21e-5,7.64e-6,0.001474815,0.001096662,2.08801e-4,0.001201076,7.18e-5,2.9958e-4,2.96049e-4,3.33012e-4,4.49881e-4,6.9081e-4,5.32699e-4,1.87766e-4,4.92713e-4,1.73495e-4,1.97071e-4
control,0.002708025,0.282495738,0.01313982,0.028475907,0.003823775,4.61e-5,0.051118188,0.002233281,2.27e-6,9.15e-8,0.003669218,0.004769334,1.18669e-4,0.010728792,0.016365739,5.18776e-4,1.07e-5,9.67092e-4,0.001190193,0.001512666,1.87363e-4,3.1827e-4,9.59e-5,6.37005e-4,1.45493e-4,3.16e-5,3.30307e-4,4.16e-7,0.001626778,8.20264e-4,2.91128e-4,8.13808e-4,1.42681e-4,7.99e-5,3.05599e-4,3.27764e-4,2.02537e-4,5.5228e-4,3.28103e-4,1.28503e-4,7.44593e-4,1.62738e-4,1.17691e-4
hyper,0.006126234,0.060900378,4.39446e-4,0.024163903,5.72009e-4,7.59e-5,0.054650465,0.001030337,5.71e-5,2.13e-7,0.001793317,4.06613e-4,4.77434e-4,0.005446957,0.010881011,1.01124e-4,1.09e-5,7.80858e-4,8.59317e-4,3.25793e-4,1.47927e-4,1.47079e-4,2.61e-5,6.64984e-4,3.09188e-4,4.07e-5,1.22648e-4,1.46e-6,0.001803978,3.30163e-4,1.77667e-4,8.54754e-4,1.82218e-4,4.1712e-4,5.28437e-4,1.89746e-4,1.64361e-4,8.07142e-4,2.19697e-4,1.13071e-4,3.62442e-4,6.65e-5,1.433e-4
control,0.178928838,0.12092654,0.003975026,0.010225822,7.71472e-4,9.62e-5,0.017814118,0.055798021,0.002805665,2.04895e-4,0.007121617,0.004721352,0.003781503,0.001973456,0.004043955,2.25e-5,5.37064e-4,0.00083204800000000005,5.01098e-4,0.001295053,1.87651e-4,1.4644e-4,3.01628e-4,8.61952e-4,5.83306e-4,1.54365e-4,9.64e-5,1.55022e-4,7.18693e-4,0.001461968,9.23615e-4,6.44146e-4,7.33e-5,1.07243e-4,9.00989e-4,6.02255e-4,3.35848e-4,3.41097e-4,4.40673e-4,1.80335e-4,3.0166e-4,3.2918e-4,2.41488e-4
control,0.272710765,0.263904507,0.007424857,0.00491298,0.001053734,0.011619616,0.013397885,0.008896286,3.66e-7,6.51e-6,0.002317285,0.01573422,6.90633e-4,0.001772575,0.003735828,6.92e-5,1.37e-5,4.03954e-4,0.001262307,6.77492e-4,7.63474e-4,1.83222e-4,1.27619e-4,3.4468e-4,5.38692e-4,5.4e-5,9.58e-5,1.68e-6,5.25547e-4,8.22963e-4,5.07562e-4,5.96756e-4,2.47e-5,7.45e-5,7.57904e-4,2.11613e-4,2.83203e-4,1.36997e-4,1.87011e-4,6.62e-5,2.4389e-4,1.96357e-4,6.54e-5
hyper,0.452701368,0.078766544,1.33e-5,0.005291684,0.00770189,5.02e-6,0.00675193,0.016755564,1.44e-5,7.73e-6,0.007372274,0.011736986,0.006857228,0.001774955,0.00166411,2.2317e-4,4.93154e-4,0.002066579,5.69926e-4,5.49776e-4,7.1e-5,2.58409e-4,2.78407e-4,2.8089e-4,2.39569e-4,5.79e-5,3.31849e-4,1.13e-5,3.58935e-4,6.03855e-4,2.44282e-4,3.0894e-4,3.48e-5,3.77378e-4,3.45195e-4,7.62147e-4,1.55821e-4,1.05574e-4,1.01823e-4,4.87e-5,1.21541e-4,9.32e-5,7.65e-5
control,0.00141909,0.143365613,8.42584e-4,0.082993863,0.004444365,0.003752611,0.08834361,0.014723373,8.7e-6,5.40235e-4,0.005812482,0.006665938,6.92e-5,0.005660813,0.008736848,9.52e-5,1.74945e-4,0.001333195,0.001350517,0.001699471,2.01625e-4,2.16635e-4,1.70536e-4,0.001533099,6.24873e-4,4.46e-5,6.39223e-4,4.78e-5,0.001395188,9.70876e-4,7.05775e-4,0.002053736,1.14449e-4,2.80403e-4,7.18057e-4,2.83405e-4,4.42283e-4,9.07095e-4,7.05935e-4,2.70392e-4,4.84543e-4,2.2264e-4,2.02504e-4
hyper,0.445877193,0.016272987,1.78336e-4,0.020785865,1.27811e-4,0.001324396,0.032454025,0.009184376,6.75e-7,2.22e-6,0.008202277,8.71461e-4,8.67276e-4,0.002230809,0.004749888,1.81e-5,6.62e-5,0.001141636,1.9519e-4,3.83578e-4,1.09148e-4,6.1e-5,1.11187e-4,8.18682e-4,1.3202e-4,3.19e-5,2.1655e-4,1.06e-5,0.001109951,5.72278e-4,1.83836e-4,4.58917e-4,1.22742e-4,2.37187e-4,1.75838e-4,2.49113e-4,1.58486e-4,2.07761e-4,1.5452e-4,1.86281e-4,1.88634e-4,9.3e-5,1.0797e-4
control,0.532295168,0.036869285,2.67e-5,0.003190602,5.5585e-4,3.59e-5,0.016222018,0.019911278,1.2e-5,3.21e-5,0.007696327,0.002884614,0.004277284,6.24614e-4,0.001894562,2.9e-5,0.001864711,0.001036257,1.94449e-4,0.001238912,1.222e-4,1.39445e-4,5.59575e-4,3.33659e-4,3.1832e-4,7.61485e-4,9.71e-5,2.10087e-4,3.64227e-4,9.66094e-4,4.80362e-4,3.55592e-4,4.27e-5,1.28816e-4,5.58994e-4,3.41811e-4,3.24907e-4,1.42391e-4,1.57086e-4,5.62e-5,2.12551e-4,1.89638e-4,1.66288e-4
control,0.657344578,0.030980375,7.64726e-4,0.00669898,4.72763e-4,1.85e-5,0.007483923,1.74446e-4,1.09e-7,1.88e-7,6.11825e-4,4.24117e-4,1.04e-5,0.003073258,0.002216291,9.28139e-4,5.51e-7,2.20203e-4,1.43354e-4,6.58e-5,0.017749837,4.19e-5,1.49e-5,1.0595e-4,2.16e-5,1.83e-5,7.12e-5,6.14e-8,3.97486e-4,9.3e-5,2.18e-5,3.02921e-4,1.49e-5,1.0225e-4,3.5e-5,3.55e-5,1.5e-5,7.54e-5,4.69e-5,5.7e-5,5.83e-5,1.54e-5,2.72e-5
hyper,0.256796325,0.259995418,0.008991881,0.014434211,5.26639e-4,0.035046516,0.011334051,0.00582718,4.33e-5,1.13e-5,0.008160957,0.005429964,6.3052e-4,0.002018279,0.003016321,2.60624e-4,2.71e-5,6.64955e-4,4.75798e-4,7.89941e-4,1.86574e-4,4.17479e-4,4.68e-5,3.52405e-4,2.16725e-4,2.77e-5,2.0297e-4,5.06e-6,7.33038e-4,6.07832e-4,2.86858e-4,5.65336e-4,7.89e-5,7.43598e-4,3.06959e-4,1.07654e-4,3.6165e-4,2.32126e-4,2.05138e-4,1.21321e-4,1.61092e-4,1.0669e-4,1.50388e-4
control,0.003457877,0.072023173,9.45e-5,0.0014243770000000001,7.94e-5,3.99e-5,0.019194688,4.58389e-4,8.57e-6,2.09e-7,7.69151e-4,9.94905e-4,0.001116523,0.001325739,0.00308021,6.73e-5,1.99e-5,1.31015e-4,3.39419e-4,2.08745e-4,2.93e-5,5.57e-5,6.86e-5,6.07e-5,5.52577e-4,3.89e-5,2.0914e-4,6.5e-7,2.35672e-4,9.54e-5,8.4e-5,2.23639e-4,9.86e-6,2.00301e-4,1.00632e-4,4.92e-5,2.6e-5,1.92178e-4,6.89e-5,2.76e-5,2.32029e-4,2.18e-5,2.62e-5
hyper,0.37447945,0.056644966,9.83e-5,0.00450994,0.035963603,1.22e-5,0.007579508,0.009171432,2.38e-6,1.19e-6,0.006570949,0.009721468,0.001189092,0.003100752,0.002350327,1.18533e-4,1.77e-5,1.90931e-4,2.13364e-4,2.47694e-4,9.51e-5,1.41616e-4,0.004463214,2.40859e-4,2.46447e-4,7.8e-5,9.08492e-4,5.16e-6,4.02659e-4,4.45087e-4,2.27961e-4,1.80452e-4,2.76e-5,1.19063e-4,2.01187e-4,3.57728e-4,6.51e-5,7.1e-5,1.61377e-4,7.63e-5,1.1878e-4,7.3e-5,1.03306e-4
control,0.307417468,0.03537483,0.098323669,0.007342482,1.2335e-4,1.67872e-4,0.008312576,0.015802287,3.64e-6,0.002421934,0.003263871,0.002186165,0.013983627,7.24711e-4,0.001426129,2.25e-5,1.44535e-4,1.9774e-4,3.11243e-4,6.25846e-4,4.57e-5,7.27e-5,0.001866399,2.8343e-4,2.82612e-4,6.77e-5,1.03192e-4,8.42e-6,2.55708e-4,4.71536e-4,3.41434e-4,2.33322e-4,5.76e-5,1.25621e-4,2.69174e-4,1.63352e-4,1.11035e-4,7.31e-5,6.11e-5,8.6700000000000007e-05,1.00722e-4,6.16e-5,6.78e-5
hyper,0.425390944,0.080774277,7.86e-5,0.005786976,0.005026775,3.37e-6,0.0160954,0.003350842,4.91e-7,3.52e-7,7.63755e-4,0.002935531,5.31971e-4,0.001029187,0.001737725,1.26772e-4,2.56327e-4,1.68172e-4,3.90302e-4,4.89131e-4,7.07e-5,7.38e-5,7.84e-5,1.42173e-4,6.54024e-4,1.48e-5,2.25e-5,9.81e-7,2.68853e-4,2.9416e-4,2.20965e-4,1.94893e-4,2.89e-5,4.37005e-4,1.76177e-4,5.05e-5,7.86e-5,7.52e-5,1.11393e-4,4.2e-5,1.33362e-4,1.01787e-4,3.26e-5
control,0.002558482,0.049730168,0.029316546,0.010471307,9.44012e-4,3.72228e-4,0.020539262,0.013980254,7.03e-6,1.03e-5,0.010873404,0.001781,0.004803576,0.001247429,0.004147756,1.04e-5,1.31086e-4,3.35785e-4,4.0609e-4,5.70956e-4,8.07e-5,2.4089e-4,4.92202e-4,2.13764e-4,0.001491355,7.22e-5,2.24519e-4,2.54e-5,4.69751e-4,5.88036e-4,5.7021e-4,4.29506e-4,4.38e-5,2.92394e-4,5.02968e-4,2.19135e-4,2.01898e-4,1.53886e-4,7.62e-5,8.96e-5,2.0048e-4,1.03958e-4,5.82e-5
hyper,0.00468556,0.001739394,3.87269e-4,5.79685e-4,1.22683e-4,1.57e-5,0.004628923,0.001747843,1.98e-6,2.79e-6,8.25123e-4,0.004465937,0.010820626,0.001562767,0.018018709,0.002111793,1.85433e-4,1.82471e-4,0.002781888,3.22422e-4,6.64e-5,0.013366763,4.15e-5,1.45e-5,0.006191592,2.38626e-4,1.91188e-4,6.85e-7,7.14938e-4,3.02372e-4,8.41e-5,6.99877e-4,9.25e-6,4.04031e-4,2.12242e-4,1.23479e-4,1.00205e-4,2.51118e-4,9.44e-5,6.33e-5,3.86e-5,8.18e-5,2.79e-5
control,0.016839385,0.090949601,2.73071e-4,0.138342247,0.033073238,4.03e-6,0.016823379,0.001242983,1.43e-6,1.07314e-4,0.00352943,0.01767809,1.65252e-4,0.017641484,0.00576533,0.00122331,1.35013e-4,8.03766e-4,2.99855e-4,5.09837e-4,3.47859e-4,1.45126e-4,1.93e-5,0.001020761,0.010198858,1.74e-5,0.005372603,1.93e-5,0.001443926,0.001044749,0.002025408,0.002732502,1.53448e-4,1.84e-5,7.31927e-4,2.92042e-4,1.02225e-4,6.61721e-4,3.51829e-4,1.00618e-4,2.18215e-4,6.91e-5,2.31634e-4
control,0.00893218,0.098305871,4.57e-5,0.007086611,0.001093159,5.81e-6,0.01957436,0.001805688,7.6e-6,1.04e-5,0.001208586,0.002748746,0.007242561,0.001942995,0.003944248,1.75e-5,8.76e-5,3.50414e-4,0.001217208,3.95852e-4,4.24e-5,3.92631e-4,1.1884e-4,2.49747e-4,5.5835e-4,1.85e-5,3.74001e-4,4.72e-6,4.70995e-4,4.67725e-4,3.07085e-4,2.72773e-4,3.57e-5,3.64717e-4,4.63353e-4,1.18603e-4,2.43224e-4,1.61581e-4,1.89199e-4,1.11062e-4,2.37158e-4,8.42e-5,9.54e-5
control,0.001443511,0.405173004,6.14232e-4,0.001821277,0.018436374,0.031760995,0.018095617,0.00192875,6.44e-6,5.04e-7,0.002112732,0.001350831,7.37e-6,0.00243157,0.013381514,1.51462e-4,1.97e-5,5.56147e-4,0.00302202,7.81807e-4,1.069e-4,4.9605e-4,1.02e-5,2.34259e-4,0.001038077,1.0411e-4,1.01706e-4,1.2e-7,8.44421e-4,0.001103199,4.07208e-4,8.01886e-4,6.84e-5,1.75e-5,3.2318e-4,2.08614e-4,3.24368e-4,2.14877e-4,0.001247834,6.05e-5,5.36119e-4,2.8522e-4,4.84e-5
hyper,0.00701335,2.40532e-4,0.034192477,2.0905e-4,0.005010206,0.030975174,0.002071719,2.22844e-4,9.36e-7,1.68e-6,3.66671e-4,9.42321e-4,5.39089e-4,0.002792421,0.005168709,0.030582282,2.47996e-4,7.56e-5,3.8e-5,8.21e-5,2.27211e-4,6.67853e-4,3.23e-6,1.68e-5,0.001196077,6.33e-5,2.84731e-4,9.94e-8,1.2023e-4,7.58e-5,2.28e-5,6.86289e-4,1.36e-5,0.001485045,7.81e-5,4.93e-5,4.56e-5,3.40985e-4,2.57e-5,9.86e-5,5.58e-6,2.47e-5,3.46e-5
hyper,0.372708619,0.04205335,0.001143312,0.004381694,2.7515e-4,2.15e-5,0.01323518,0.02435121,2.2e-6,6.77e-5,0.012122088,0.003890934,0.004948292,6.91048e-4,0.002314646,2.72e-5,8.56021e-4,4.49816e-4,2.99937e-4,0.001149429,9.11e-5,8.6e-5,1.08356e-4,4.37201e-4,2.45133e-4,3.38689e-4,5.57e-5,1.86914e-4,3.06248e-4,0.001407168,6.62717e-4,3.10767e-4,5.79e-5,6.4888e-4,6.31426e-4,5.13225e-4,2.92067e-4,1.15173e-4,1.74901e-4,1.07838e-4,1.8138e-4,2.36235e-4,1.58665e-4
hyper,0.118527918,0.001832395,0.006540714,4.18171e-4,0.001548986,3.73687e-4,0.005901201,4.77274e-4,6.71e-6,3.07e-7,2.24655e-4,5.57e-5,2.00445e-4,2.4172e-4,0.001004017,5.46277e-4,1.14e-5,4.53e-5,0.008822086,4.13e-5,1.57e-5,2.54e-5,1.24e-5,3.2e-5,9.19e-5,3.42e-6,1.58e-5,2.97e-8,9.05e-5,4.36e-5,9.03e-5,1.3524e-4,1.01e-5,9.24e-5,1.71061e-4,1.93e-5,2.23e-5,3.97e-5,7.01e-6,9.13e-6,2.07e-5,7.5e-6,1.98e-6
control,0.003469038,0.189582601,3.24365e-4,0.0161257,0.003930369,3.36029e-4,0.021674167,0.001837456,2.56e-7,4.44e-6,0.00135098,0.001175024,9.48e-5,0.001607391,0.006858992,1.95e-5,1.08237e-4,3.24192e-4,0.002592653,5.47371e-4,1.29226e-4,8.73836e-4,1.13743e-4,2.91015e-4,0.003456924,7.32e-5,1.1591e-4,5.64e-6,4.76049e-4,6.05706e-4,6.10626e-4,0.001305144,2e-5,5.10365e-4,0.00106854,2.09421e-4,2.56798e-4,1.53006e-4,2.30686e-4,5.52e-5,4.36229e-4,1.10614e-4,5.57e-5
hyper,0.265444934,0.064267319,1.27e-5,0.040374777,1.72956e-4,6.9e-6,0.027248973,0.002767322,1.55144e-4,3.12e-6,0.002757412,0.001483084,9.42203e-4,0.003545902,0.00593327,1.8e-5,1.29e-5,9.13309e-4,1.77751e-4,7.49322e-4,1.88745e-4,1.73996e-4,2.49e-5,0.001325509,4.09784e-4,3.35e-5,6.02605e-4,3.75e-6,0.001262766,0.001196453,2.70444e-4,9.05866e-4,2.24794e-4,5.10608e-4,3.38699e-4,2.13492e-4,3.27802e-4,0.001108962,2.62235e-4,2.46692e-4,2.3647e-4,1.81036e-4,1.63565e-4
control,0.028565186,0.117110501,0.058391531000000003,0.028127715,0.001453122,0.0501031,0.027650692,0.011404,9.72e-7,4.59e-6,0.002691597,0.002441345,8.62261e-4,0.006144341,0.003861369,4.18e-5,1.45e-5,9.84394e-4,4.40575e-4,5.84587e-4,3.03289e-4,1.92814e-4,5.33e-5,8.99378e-4,1.30419e-4,5.56e-5,3.23446e-4,8.64e-6,0.001054158,5.27365e-4,2.32755e-4,5.45759e-4,7.21e-5,1.19735e-4,2.8643e-4,2.91972e-4,1.59697e-4,4.59373e-4,2.32002e-4,1.46109e-4,2.30704e-4,1.33737e-4,1.75075e-4
control,0.001208617,0.264512838,2.9e-5,0.024661261,0.008207952,6.98e-5,0.031179696,0.037567915,9.46e-6,3.21e-6,0.016139643,0.034380267,0.005656557,0.007605611,0.007565323,1.95116e-4,9.68e-5,0.001067576,0.001067676,8.89237e-4,2.15569e-4,2.88821e-4,1.59506e-4,0.001084618,4.66875e-4,1.01077e-4,7.72e-5,2.7e-5,9.88265e-4,0.001766017,8.33866e-4,0.001114298,7.3e-5,2.68e-5,9.81518e-4,6.04382e-4,2.77576e-4,3.66007e-4,5.71284e-4,1.6867e-4,4.0828e-4,2.77654e-4,4.45451e-4
hyper,0.003385003,0.079869424,1.29e-5,0.02509246,4.07921e-4,3.49e-6,0.028941209,0.01332015,0.025967585,9.9436e-4,0.01018325,0.009911703,0.006176932,0.005138935,0.003984449,6.09e-5,1.79684e-4,0.005265859,3.17751e-4,7.63062e-4,2.03781e-4,1.58054e-4,8.65e-5,7.43199e-4,2.5718e-4,9.1e-5,9.99e-5,9.53e-6,8.7784e-4,0.001057959,8.25528e-4,7.71173e-4,8.69e-5,4.77942e-4,5.7173e-4,3.45935e-4,5.67516e-4,2.76886e-4,3.48652e-4,2.58388e-4,1.94443e-4,1.39617e-4,2.02013e-4
control,0.464470464,0.052866611,7.15e-5,0.004540313,0.001450533,8.92e-5,0.0143127,0.001536072,3.16e-6,1.35e-6,6.47207e-4,0.002094263,0.004481479,0.001571632,0.002936883,7.67e-6,1.13128e-4,2.26401e-4,3.05118e-4,2.39197e-4,3.84e-5,1.51922e-4,3.43e-5,8.71e-5,3.57666e-4,1.13e-5,4.47e-5,1.66e-6,2.14996e-4,2.70586e-4,1.59917e-4,2.43343e-4,1.36e-5,7.02918e-4,2.33581e-4,5.28e-5,8.89e-5,9.25e-5,4.88e-5,3.26e-5,9.07e-5,1.26712e-4,1.21e-5
hyper,0.004567571,0.064231596,1.70823e-4,0.003557461,1.14951e-4,7.59e-5,0.010828073,0.012516522,0.021122093,0.001020939,0.003917691,0.007244934,0.014333522,0.001788309,0.002324031,1.11e-5,6.68255e-4,5.20297e-4,1.54271e-4,3.41823e-4,1.04196e-4,2.38868e-4,2.6e-5,4.28417e-4,1.9047e-4,5.89393e-4,2.3e-5,2.16e-6,9.13739e-4,4.04861e-4,2.06595e-4,2.84596e-4,2.95e-5,5.20542e-4,2.67135e-4,1.23175e-4,9.36e-5,1.16723e-4,9.27e-5,2.07459e-4,9.66e-5,8.24e-5,7.16e-5
control,0.006904534,0.232617716,5.31e-6,0.0038466,0.001566878,2.84e-6,0.026319021,0.007789993,4.58e-7,2.43e-5,0.009406469,0.009979991,2.16e-5,0.00263722,0.006979587,5.22e-5,1.16e-5,5.96196e-4,8.54161e-4,6.28162e-4,9.27e-5,2.75251e-4,4.69e-5,4.83113e-4,2.63091e-4,3.52e-5,0.001111196,4.44e-6,9.70835e-4,0.001020563,4.81207e-4,5.97461e-4,4.45e-5,5.47914e-4,2.93424e-4,1.89295e-4,9.36e-5,4.50382e-4,3.70006e-4,2.18326e-4,4.70707e-4,2.08578e-4,8.04e-5
control,0.558438458,0.043390382,9.56328e-4,0.026904249,1.32731e-4,0.001045863,0.004523937,0.002835808,2.94e-6,3.62e-6,0.005003952,0.001885738,4.82e-5,0.00153831,0.00146281,1.16e-5,6.62e-6,4.98894e-4,1.74873e-4,1.67407e-4,1.62683e-4,2.42e-5,1.2472e-4,6.33618e-4,9.22e-5,1.4e-5,1.41445e-4,1e-6,6.86214e-4,1.8059e-4,8.16e-5,2.94499e-4,5.55e-5,3.50165e-4,8.88e-5,7.39e-5,3.73e-5,1.25765e-4,7.04e-5,6.64e-5,9.85e-5,2.00715e-4,6.61e-5
hyper,0.558881092,0.023519737,2.03573e-4,0.002039242,0.00300321,6.91e-6,0.005974859,0.006611454,8.81e-7,8.41e-6,0.005122545,0.004611101,0.001881664,0.001463882,0.001088378,5.4e-5,0.003538026,9.35836e-4,1.55115e-4,3.92452e-4,3.21e-5,6.73e-5,1.42432e-4,1.83612e-4,1.16984e-4,8.55e-5,3.06e-5,4.47e-6,2.55544e-4,2.9195e-4,2.27813e-4,1.50522e-4,1.4e-5,0.002320735,1.99122e-4,1.39058e-4,8.09e-5,8.54e-5,5.95e-5,5.73e-5,6.11e-5,1.09143e-4,3.8e-5
hyper,5.72756e-4,0.229290307,0.03097012,0.080680605,0.128225217,4.75e-5,0.109632544,0.001923972,2.69e-5,2.19e-6,0.005303285,7.55113e-4,3.48e-5,0.036414945,0.009611726,0.001095996,8.84e-6,0.00163636,0.001621623,3.01237e-4,3.43072e-4,4.93054e-4,6.74e-5,8.15889e-4,5.8278e-4,2.95e-7,2.73031e-4,7.91e-6,0.003220502,3.95976e-4,6.76e-5,0.003247947,2.97716e-4,2.87e-5,6.60256e-4,2.18466e-4,3.69991e-4,6.92239e-4,2.03423e-4,6.03218e-4,2.19412e-4,1.517e-4,1.26727e-4
hyper,0.002739071,0.074291339,0.022880476,0.032153938,4.78589e-4,1.16e-4,0.016049907,0.001886255,3.21e-5,2.92e-5,6.30967e-4,0.00192912,7.7e-6,0.002054437,0.00316065,2.9e-5,8.53e-6,3.89823e-4,2.03257e-4,5.43063e-4,3.62e-5,6.59871e-4,2.87e-5,1.21707e-4,0.001436714,3.21e-5,2.19e-5,4.55e-7,9.3901e-4,3.33082e-4,3.16695e-4,3.65231e-4,7e-5,3.33985e-4,5.23204e-4,1.10174e-4,4.63e-5,3.01871e-4,1.17939e-4,6.66e-5,1.41069e-4,1.52004e-4,4.89e-5
control,0.00346553,0.061530868,0.001814385,0.04328343,7.46997e-4,2.52158e-4,0.030771158,0.027392073,3.43e-6,4.01e-6,0.00473503,0.004091409,0.012165886,0.002531593,0.00432129,2.66e-5,4.26375e-4,6.36931e-4,4.33884e-4,6.00355e-4,1.16933e-4,2.01785e-4,5.21e-5,6.03566e-4,4.68664e-4,1.28273e-4,3.85552e-4,8.87e-6,9.24813e-4,6.8661e-4,4.81318e-4,5.77418e-4,5.09e-5,1.93395e-4,4.11968e-4,2.40862e-4,5.67812e-4,3.34523e-4,1.75073e-4,9.78e-5,1.99965e-4,2.1872e-4,1.85158e-4
hyper,0.580215664,0.023412638,4.29037e-4,0.00176263,5.75e-5,1.17e-5,0.00618317,0.006736244,3.99e-6,1.96945e-4,0.005532925,0.001491999,0.002781131,8.76686e-4,9.72215e-4,1.52e-5,0.001262064,1.73988e-4,1.50328e-4,2.0415e-4,0.001834578,6.42e-5,2.41026e-4,2.1359e-4,1.11435e-4,3.37e-5,1.21e-5,4.5e-6,3.48532e-4,2.53963e-4,1.96969e-4,1.84243e-4,1.92e-5,3.13858e-4,1.94097e-4,8e-5,1.07424e-4,7.98e-5,4.29e-5,6.02e-5,7.07e-5,7.64e-5,2.41e-5
hyper,0.615941773,0.013163715,3.51973e-4,0.00412049,6.6364e-4,7.59e-5,0.005147521,2.80549e-4,1.98e-6,1.03893e-4,3.23586e-4,4.33325e-4,0.005079313,9.72742e-4,6.20292e-4,6.9e-5,1.06486e-4,2.26248e-4,1.25868e-4,8.43e-5,2e-5,2.23689e-4,9.99e-5,2.08087e-4,1.56352e-4,1.18e-5,2.81823e-4,8.51e-8,5.09663e-4,4.8e-5,3.9e-5,8.43e-5,1.37e-5,2.53073e-4,6.62e-5,3.26e-5,1.22e-5,5.89e-5,5.16e-5,8.01e-5,5.33e-5,1.6283e-4,1.95e-5
control,0.165360092,0.123305692,0.001379329,0.007264333,6.10773e-4,9.35e-6,0.027078118,0.014750156,2.57e-6,2.64e-6,0.004220582,0.004019724,1.31e-5,6.38024e-4,0.007269646,3.25e-5,1.78e-5,5.0082e-4,3.28165e-4,6.58023e-4,5.64e-5,8.13e-5,8.69e-5,2.07575e-4,0.002173942,4.88e-5,6.17e-5,8.95e-6,5.21338e-4,6.23466e-4,8.90191e-4,3.81876e-4,1.18e-5,1.69561e-4,9.14676e-4,1.48177e-4,9.1004e-4,1.65799e-4,1.43942e-4,6.72e-5,2.38603e-4,1.57304e-4,3.91e-5
hyper,0.265671372,0.064692311,2.84e-5,0.006474609,9.39955e-4,1.72964e-4,0.014507227,0.007393463,3.62e-6,3.18e-5,0.004193802,0.009407742,0.0074942,0.001899581,0.003426121,2.69e-5,1.28526e-4,4.04084e-4,3.63129e-4,6.53674e-4,9.26e-5,1.20577e-4,0.009421906,3.76559e-4,6.88089e-4,6.99e-5,6.11e-5,1.72e-5,7.18768e-4,7.90095e-4,6.45474e-4,3.61287e-4,5.21e-5,7.11657e-4,6.21115e-4,2.2093e-4,3.74253e-4,2.34583e-4,1.22332e-4,9.13e-5,1.63372e-4,8.95e-5,7.83e-5
hyper,0.001629117,0.020023652,0.022885618,0.155670221,3.34204e-4,2.69375e-4,0.026650065,0.001593281,8.56e-6,2.91e-6,0.021028474,0.002489404,4.19188e-4,0.003804621,0.0067859,8.32e-5,1.12e-5,0.001455454,4.12614e-4,5.04217e-4,2.04533e-4,7.29e-5,5e-5,0.001579362,1.87523e-4,2.64e-5,0.001248587,6.71e-7,0.00212215,5.4963e-4,7.97e-5,7.68688e-4,6.63e-5,1.72507e-4,1.93134e-4,2.11896e-4,7.83e-5,5.67461e-4,2.4172e-4,1.70926e-4,1.46731e-4,2.84094e-4,1.52286e-4
hyper,0.002561107,0.059430643,0.01665106,0.010640032,2.74924e-4,0.008794307,0.012170398,0.012018472,1.23e-6,7.2e-7,0.003350026,0.002557574,1.64e-5,0.001414867,0.002948569,4.46e-5,7.38e-6,0.003087669,7.06192e-4,5.58517e-4,1.30002e-4,1.28168e-4,5.84e-5,2.86131e-4,3.54274e-4,5.99e-5,3.91e-5,9.21e-5,3.43298e-4,0.001031854,3.34151e-4,7.02105e-4,4.25e-5,5.57577e-4,5.22658e-4,2.28616e-4,1.4073e-4,1.80682e-4,1.4546e-4,6.95e-5,1.3002e-4,1.02559e-4,9.57e-5
hyper,0.003888712,0.035558753,2.91e-5,0.015486486,3.82371e-4,1.34e-5,0.013334857,0.004477289,1.09e-6,1.13548e-4,0.002270089,0.006896589,0.002900733,0.006176063,0.005489412,9.42e-5,2.50488e-4,0.001680152,7.30364e-4,1.75832e-4,2.2065e-4,1.81577e-4,4.09e-5,6.21824e-4,2.06849e-4,4.86e-5,8.45166e-4,5.52e-6,0.001253471,6.09935e-4,1.78852e-4,7.29365e-4,5.44747e-4,6.42361e-4,1.74474e-4,1.99568e-4,2.33534e-4,3.50064e-4,1.62414e-4,2.4666e-4,1.58727e-4,1.41109e-4,1.13396e-4
control,0.337475721,0.026077496,1.68e-5,0.014973647,1.59401e-4,1.47592e-4,0.020056358,0.013933355,8.05e-6,6.4e-6,0.007402974,0.004045353,0.001859676,0.001436531,0.003009,5.02e-5,3.02e-5,0.01308315,2.21769e-4,7.34202e-4,1.14204e-4,6.48e-5,8.53e-5,0.001405944,2.27688e-4,4.95e-5,1.64762e-4,1.6708e-4,0.001010512,7.0291e-4,3.97624e-4,5.36308e-4,8.86e-5,0.001148348,3.81236e-4,4.64585e-4,1.63604e-4,2.74728e-4,1.83245e-4,1.6647e-4,2.99856e-4,1.58206e-4,1.05758e-4
control,0.001660181,0.001106219,0.018259837,0.051742534,0.001229583,5.15e-5,0.080434657,7.99749e-4,3.7e-5,1.24e-5,0.003260838,3.4383e-4,4.9e-5,0.007421512,0.012690054,5.53657e-4,8.07e-5,0.001186765,4.71208e-4,1.57955e-4,2.43865e-4,1.00495e-4,1.21909e-4,8.36021e-4,1.96266e-4,1.22e-5,1.94342e-4,1.24e-6,0.001436837,3.36176e-4,4.75e-5,7.91287e-4,1.41959e-4,7.71e-5,1.91611e-4,2.10476e-4,8.62e-5,9.37188e-4,2.03306e-4,3.07416e-4,4.3808e-4,1.03019e-4,2.77194e-4
hyper,0.002344808,0.084564028,3.1462e-4,0.04928746,6.40623e-4,9.55e-6,0.021331612,0.004191661,6.21e-6,3.29e-6,0.003648224,4.11811e-4,0.007151051,0.005071414,0.005719778,3.64548e-4,0.009255509,7.88712e-4,9.77e-5,3.95104e-4,1.32612e-4,5.44277e-4,4.34e-5,2.69425e-4,2.82584e-4,4.18e-6,4.54e-5,5.35e-7,6.03014e-4,6.74321e-4,4.00836e-4,5.64134e-4,3.96e-5,2.22948e-4,2.66269e-4,1.44336e-4,1.81081e-4,2.27536e-4,8.7e-5,8.35e-5,1.3463e-4,9.44e-5,7.38e-5
control,0.002792053,0.021515863,0.001112965,0.006157399,6.33e-5,7.82814e-4,0.014681187,0.015412908,7.83e-6,2.23e-5,0.00459603,0.014478737,0.032723437,0.002376157,0.006611121,4.61e-5,4.12129e-4,4.20061e-4,3.93002e-4,5.62551e-4,4.71e-5,0.001101224,4.32e-5,1.18298e-4,0.003078672,5.45e-5,1.49e-5,2.99e-5,2.09373e-4,9.6145e-4,5.73071e-4,3.96325e-4,3.46e-5,1.78428e-4,7.61497e-4,3.28101e-4,5.8541e-4,1.83291e-4,1.56828e-4,6e-5,2.38683e-4,1.26256e-4,8.07e-5
hyper,0.094598345,0.05097657,6.96969e-4,0.02781163,0.002985284,2.46e-6,0.068747804,0.042128894,0.001552017,0.003269324,0.017684597,0.011752387,0.007051609,0.002908093,0.004977846,6.48e-5,1.66734e-4,0.001904199,5.36554e-4,0.002349576,4.06057e-4,3.74501e-4,3.64533e-4,0.001293236,4.57399e-4,2.03813e-4,1.34513e-4,2.34656e-4,0.002692199,0.003317026,0.001935467,9.84959e-4,2.33396e-4,1.72391e-4,0.001342844,9.78495e-4,5.83504e-4,5.93247e-4,4.9998e-4,4.37326e-4,3.72401e-4,4.99901e-4,2.42047e-4
hyper,0.435191895,0.033730988,1.01e-5,0.002115247,0.003207488,1.05e-6,0.009301569,9.45675e-4,4.6e-6,3.11e-7,3.04676e-4,1.26948e-4,5.56202e-4,2.35395e-4,0.001678259,2.18645e-4,3.72e-5,1.19914e-4,1.99138e-4,9.36e-5,1.49729e-4,4.6e-5,6.51e-5,9.73e-5,2.12565e-4,5.39e-6,1.05e-5,1.28e-7,9.47e-5,1.57671e-4,1.70726e-4,2.57113e-4,1.39e-5,3.06733e-4,3.14957e-4,3.53e-5,1.89e-5,2.73e-5,4.11e-5,1.81e-5,4.66e-5,3.07e-5,8.38e-6
hyper,0.002601703,0.15749591,0.00319409,0.027665495,0.002096446,0.003974849,0.018557851,0.055700266,1.82131e-4,3.35e-6,0.01380125,0.018377259,0.006917947,0.00192246,0.004535194,4.94e-5,1.7597e-4,0.004490381,0.001275715,0.001160162,1.22169e-4,2.81279e-4,7.44e-5,6.44619e-4,0.001121276,1.96916e-4,1.1968e-4,1.3e-5,7.55755e-4,0.001681079,9.97765e-4,7.67873e-4,2.91e-5,1.31756e-4,0.001113928,3.66941e-4,8.65152e-4,3.65032e-4,3.68065e-4,2.68313e-4,3.53733e-4,2.44096e-4,1.53149e-4
control,0.630540084,0.102870362,4.84413e-4,0.005741327,0.00350366,2.15e-6,0.009651027,9.70602e-4,9.12e-6,2.1e-5,0.001146435,0.001648712,9.84e-5,0.002586685,0.002268188,3.95322e-4,5.63e-6,3.01713e-4,6.09155e-4,1.58104e-4,5.26e-5,6.6e-5,1.83e-5,1.2846e-4,4.14e-5,3.75e-5,2.24e-5,5.61e-7,4.1235e-4,2.2287e-4,6.76e-5,2.58407e-4,2.43e-5,7.25896e-4,7.26e-5,7.27e-5,6.84e-5,1.15515e-4,1.05283e-4,4.78e-5,1.3648e-4,6.45e-5,2.6e-5
hyper,0.325876518,0.034933579,0.16811193,0.001197407,2.53387e-4,6.35944e-4,0.007689779,0.020455215,2.15e-6,1.83e-5,0.003552705,0.003010705,0.001145714,4.48934e-4,0.001211996,8.57e-6,0.004522436,2.41859e-4,1.73647e-4,4.77158e-4,5.6e-5,6.15e-5,1.43013e-4,2.21306e-4,1.17173e-4,5.95e-5,4.74e-5,4.52e-5,1.79656e-4,3.74415e-4,3.0329e-4,2.04078e-4,2.64e-5,3.14909e-4,3.11779e-4,2.1097e-4,2.13845e-4,3.96e-5,1.08025e-4,8.68e-5,9.63e-5,1.00708e-4,5.03e-5
hyper,0.161344589,0.020729127,1.9e-6,0.003270503,1.20724e-4,1.12e-6,0.016242758,0.028560842,9.26e-6,6.13e-5,0.025184422,0.004462116,0.006402244,0.001623675,0.002655482,7.45e-5,0.00400485,2.97991e-4,5.22582e-4,9.55748e-4,3.67763e-4,5.16986e-4,1.59155e-4,4.61325e-4,0.002134237,0.001401362,5.59e-5,3.98e-5,4.01624e-4,0.001115233,0.001850794,4.13426e-4,3.54e-5,1.70025e-4,9.09556e-4,4.83089e-4,7.32524e-4,9.87e-5,1.3632e-4,1.51061e-4,1.30839e-4,1.72605e-4,1.21929e-4
hyper,0.002964943,0.042168919,0.01590578,0.003443919,0.00389539,1.87e-5,0.017741015,0.014783327,0.011044355,1.57e-5,9.57522e-4,0.005441787,0.032765458,0.001407829,0.005673241,7e-5,4.65121e-4,2.52068e-4,5.16899e-4,4.7441e-4,3.58e-5,4.74764e-4,8.4e-5,1.59527e-4,0.004473216,2.52366e-4,2.33102e-4,2.22e-6,3.77484e-4,3.65284e-4,2.38105e-4,2.41507e-4,2.46e-5,6.53102e-4,5.52568e-4,2.12852e-4,2.60933e-4,1.05328e-4,1.0727e-4,6.91e-5,8.7e-5,8.25e-5,2.32e-5
control,0.005390059,0.063403706,1.98e-5,0.020558587,0.004652077,1.92e-5,0.023312412,0.002406486,5.71e-6,3.74e-6,0.003680576,0.002074786,2.48e-5,0.004093304,0.003827525,4.21933e-4,4.2e-6,3.60646e-4,2.2173e-4,1.94098e-4,7.24e-5,1.47427e-4,3.90215e-4,2.76996e-4,3.62201e-4,6.93e-5,6.09e-5,2.04e-6,9.81692e-4,3.18462e-4,1.61031e-4,4.11741e-4,4.62e-5,5.27055e-4,1.30535e-4,1.18557e-4,2.20204e-4,1.88856e-4,1.22911e-4,7.38e-5,1.28404e-4,5.17e-5,3.22e-5
control,0.003536969,0.035984375,0.064909674,0.022697226,3.52955e-4,7.88924e-4,0.020205118,0.004789405,5.44e-6,2.05e-5,0.002437738,0.001967877,0.00319548,0.002635096,0.002885086,4.85e-5,1.4409e-4,4.20963e-4,7.11399e-4,3.87703e-4,3.38e-5,1.08942e-4,3.92e-5,3.4383e-4,5.60353e-4,3.02e-5,2e-5,3.8e-6,6.54286e-4,3.11821e-4,3.0232e-4,4.88724e-4,3.61e-5,1.66879e-4,3.57716e-4,1.01506e-4,8.58e-5,3.55118e-4,1.03142e-4,1.42375e-4,1.34079e-4,5.58e-5,8.68e-5
control,0.443664189,0.152926407,9.60241e-4,0.017693092,0.024186891,1.02e-5,0.009930341,0.002639402,1.54e-7,1.64e-6,0.001225681,0.001227399,8.06e-5,0.002733821,0.004519923,2.26e-5,3.02e-5,5.38478e-4,0.001066196,3.95143e-4,1.15369e-4,7.41e-5,1.35276e-4,4.22998e-4,6.23e-5,8.01e-5,8.75e-6,1.49e-6,5.3044e-4,2.65683e-4,9.54e-5,6.47428e-4,1.92e-5,3.54058e-4,2.18254e-4,7.34e-5,3.83836e-4,1.90496e-4,1.70523e-4,3.93e-5,5.53952e-4,8.51e-5,1.00883e-4
control,0.002023376,0.089170272,0.009011859,0.001738489,1.14858e-4,0.003604025,0.010142538,0.090709697,4.41e-6,1.29e-5,0.012704247,0.014509574,2.30622e-4,0.001186943,0.0022370239999999998,6.04e-5,4.38709e-4,2.30423e-4,3.85054e-4,0.001337401,9.88e-5,5.26464e-4,6.18e-5,3.39856e-4,0.001984776,1.88131e-4,9.27393e-4,1.02e-5,2.75143e-4,0.001057109,7.41426e-4,4.47936e-4,2.73e-5,1.45795e-4,0.001100804,4.93469e-4,4.44382e-4,4.48e-5,2.49048e-4,6.77e-5,1.651e-4,2.39806e-4,1.06516e-4
hyper,0.218551989,0.148333245,4.82e-6,0.023079099,4.60467e-4,1.21e-7,0.016368102,0.066416168,6.86e-6,2.02e-6,0.007740435,0.009109782,0.008251812,0.00286301,0.003548343,3.68e-5,1.17304e-4,0.001647092,4.95382e-4,9.92934e-4,2.25709e-4,3.37373e-4,6.31e-5,6.21373e-4,4.94465e-4,9.6e-5,9.25e-5,8.35e-6,0.001697658,9.42524e-4,0.001778403,5.50964e-4,9.84e-5,1.46711e-4,8.275e-4,2.50471e-4,4.83197e-4,3.93003e-4,2.30712e-4,2.41088e-4,2.46247e-4,2.22185e-4,1.38298e-4
hyper,0.010159522,0.321387689,2.47e-6,0.08729798,0.020375922,2.68e-6,0.032683247,0.006246747,3.16e-6,2.84e-5,0.008505637,0.02381247,1.95458e-4,0.018479326,0.009839847,1.34885e-4,6.87e-5,0.00211903,0.005109044,9.95057e-4,2.09436e-4,3.59084e-4,1.35883e-4,0.001538423,5.75529e-4,4.6e-5,7.07e-5,3.3e-6,0.003043528,0.001944595,3.66429e-4,0.00196779,1.80273e-4,2.38554e-4,8.63943e-4,4.0881e-4,5.99774e-4,9.40865e-4,6.35894e-4,3.1773e-4,4.9714e-4,4.26094e-4,4.15831e-4
control,0.648339071,0.021372777,7.42e-5,0.00310709,4.65897e-4,5.92e-5,0.006641688,0.004742945,2.61e-6,5.95e-5,0.004707675,0.002476978,1.21604e-4,9.52411e-4,0.001235354,1.1713e-4,0.001103288,2.95357e-4,5e-5,1.69343e-4,1.31997e-4,4.34e-5,3.76e-5,2.76374e-4,5.29e-5,3.21e-5,0.002014072,1.58812e-4,2.8099e-4,2.87924e-4,9.7e-5,1.07725e-4,2.09e-5,7.0442e-4,9.35e-5,9.4e-5,1.21159e-4,5.98e-5,5.54e-5,4.56e-5,5.76e-5,5.08e-5,4.88e-5
hyper,0.640864795,3.3222e-4,1.74981e-4,4.1077e-4,2.97e-5,3.35e-5,0.016320143,0.001310983,2.16e-6,1.56e-6,0.001251574,2.10496e-4,1.53969e-4,8.44308e-4,0.002454739,6.66933e-4,2.16e-5,1.09611e-4,6.36e-5,1.62e-5,9.61e-5,2.96e-5,8.2e-6,5.33e-5,9.08e-5,1.67e-6,1.38e-5,1.98e-7,1.28112e-4,4.63e-5,2.76e-5,2.28749e-4,3.81e-6,2.79124e-4,4.67e-5,4.42e-5,8.37e-6,7.38e-5,1.53e-5,5.66e-5,1.65e-5,6.1e-6,7.49e-6
hyper,0.006086838,0.019184387,2.33e-6,3.77986e-4,5.15e-5,1.16e-6,0.006543697,0.001062059,1.73e-6,0,3.72259e-4,0.005689851,0.013152314,3.58937e-4,0.005672963,4.54e-6,2.54515e-4,7.43e-5,2.91529e-4,1.54095e-4,4.76e-5,1.15526e-4,1.05e-5,7.12e-5,0.004626064,4.9099999999999996e-06,3.78e-5,1.75e-6,1.20415e-4,2.11395e-4,1.42212e-4,1.55006e-4,5.06e-6,0.001241322,1.54278e-4,7.14e-5,1.35e-5,4.05e-5,5.05e-5,1.34e-5,6.36e-5,2.45e-5,1.55e-5
control,0.003067389,0.052400935,0.001331376,0.007499483,3.53425e-4,0.071662013,0.012239862,0.011930889,3.11e-6,0.001449551,0.001885908,0.003368235,0.016125876,0.002028472,0.00172855,1.73e-5,1.60806e-4,3.0058e-4,2.82026e-4,5.97622e-4,3.86e-5,1.84051e-4,5.06e-5,2.0748e-4,4.27763e-4,4.66e-5,8.52e-5,3.75e-6,2.77801e-4,4.55051e-4,4.06695e-4,5.40183e-4,2.5e-5,3.77314e-4,4.42537e-4,1.12424e-4,1.71998e-4,1.11131e-4,8.24e-5,2.96e-5,7.32e-5,8.08e-5,4.04e-5
control,0.398393821,0.159316386,0.013482501,0.001265059,1.2973e-4,6.36228e-4,0.012907216,0.012189467,2.29e-5,3.87e-6,0.002110118,0.001918,0.002358629,9.19326e-4,0.003236776,6.76e-6,0.002128315,4.51773e-4,0.020275287,3.42034e-4,1.59238e-4,7.01e-5,9.11e-5,1.79497e-4,2.4959e-4,5.44e-5,7.19e-5,2.37e-6,0.00053360599999999995,4.59541e-4,4.18561e-4,3.48713e-4,4.95e-5,1.67398e-4,2.53413e-4,1.65532e-4,7.06e-5,2.0876e-4,8.13e-5,7.81e-5,1.36933e-4,1.54629e-4,3.76e-5
hyper,0.366515632,0.084437967,1.03e-5,0.013735926,1.81243e-4,1.08e-5,0.030849224,0.01860128,4.5111e-4,1.07e-5,0.009057819,0.003256498,0.002453707,0.001411097,0.002964284,2.68e-5,2.03676e-4,0.005302908,5.44976e-4,5.76775e-4,1.11077e-4,1.63544e-4,8.81e-5,6.16207e-4,1.60323e-4,5.5e-5,0.003642958,3.1e-5,7.07881e-4,8.502e-4,3.55194e-4,3.8083e-4,6.2e-5,3.2577e-4,3.49017e-4,4.94017e-4,2.3364e-4,2.94026e-4,1.38019e-4,1.20887e-4,1.15032e-4,1.63332e-4,1.15741e-4
control,0.621913816,2.93924e-4,0.005397308,0.00115912,3.74182e-4,8.84e-6,0.01139042,1.14107e-4,5e-6,3.51e-5,3.87109e-4,2.11082e-4,0.001466991,4.2885e-4,0.001296728,1.30226e-4,1.35427e-4,1.11819e-4,3.13e-5,3.3e-5,3.95e-5,2.61648e-4,2.50326e-4,4.73e-5,4.28e-5,6.24e-7,3.83605e-4,1.76e-7,1.68531e-4,4.46e-5,1.85e-5,1.20093e-4,4.35e-6,1.26736e-4,3.47e-5,8.28e-5,2.78e-5,6.63e-5,1.38e-5,4.14e-5,2.24e-5,2.03e-5,1.43e-5
hyper,0.376832969,0.054539078,0.180655266,0.009040829,0.005582861,0.001703353,0.006714673,0.00190409,6.8e-6,1.11e-6,9.55238e-4,0.003791655,0.001030649,0.005389493,0.001705624,1.16233e-4,7.65e-5,1.7382e-4,1.46781e-4,2.78311e-4,6.93e-5,6.03e-5,1.99331e-4,2.16339e-4,2.09197e-4,1.14e-5,9.49e-5,7.86e-7,2.72243e-4,2.34709e-4,9.28e-5,4.78128e-4,2.33e-5,4.00719e-4,1.47189e-4,6.58e-5,5.33e-5,1.12609e-4,1.42997e-4,8.85e-5,1.0486e-4,1.10331e-4,2.07e-5
control,0.001634534,4.1906e-4,3.30495e-4,0.027617367,0.048028021,6.97e-6,0.021391283,0.001990759,4.25e-5,0.057110509,0.006662204,3.35954e-4,1.06e-5,0.014200011,0.008301513,9.86e-5,1.03e-5,5.25052e-4,8.82967e-4,5.99103e-4,1.44604e-4,3.65317e-4,1.24858e-4,2.7159e-4,0.005531419,0.009940267,8.37666e-4,0,0.001224199,5.59789e-4,3.37895e-4,5.7125e-4,3.88e-5,1.21869e-4,7.66242e-4,2.09419e-4,5.36e-5,2.66725e-4,2.9507e-4,1.54443e-4,9.96e-5,1.0325e-4,2.71731e-4
control,0.384006687,0.029943454,1.46e-5,0.005180793,1.63312e-4,2.56e-6,0.015479091,0.05916124,5.21e-6,8.62e-6,0.009912779,0.005972663,0.006863926,0.002228962,0.002436737,2.99e-5,7.3888e-4,7.5739e-4,2.81002e-4,0.001749217,2.03005e-4,2.61349e-4,2.70728e-4,5.61734e-4,2.27334e-4,8.21e-5,3.75761e-4,7.2e-5,4.78383e-4,0.001798006,5.23521e-4,3.49315e-4,5.66e-5,5.63383e-4,6.87071e-4,5.30301e-4,0.0013181,1.09533e-4,2.13862e-4,1.76415e-4,2.30926e-4,3.31778e-4,1.88728e-4
hyper,0.355781852,0.283347016,7.85275e-4,0.004047837,3.22569e-4,2.26e-5,0.012251926,0.018327895,1.84e-5,2.53e-5,0.007964136,0.004442444,9.75926e-4,0.001116133,0.002964406,2.16e-5,0.003239843,0.001017396,3.35436e-4,8.63888e-4,2.09541e-4,1.27513e-4,2.88988e-4,4.24681e-4,2.3277e-4,1.36666e-4,3.35e-5,6.23617e-4,4.97948e-4,9.47525e-4,4.47293e-4,4.22701e-4,6.97e-5,2.63313e-4,4.75125e-4,3.51547e-4,4.68942e-4,2.50561e-4,2.10461e-4,1.45656e-4,2.17449e-4,2.31586e-4,8.66e-5
control,0.171558911,0.325686119,5.69307e-4,0.011999365,0.039257927,0.012207836,0.017197328,0.007725204,6.01e-7,5.34e-6,0.006160851,0.025022471,3.323e-4,0.010212079,0.006860945,8.91e-5,3.14076e-4,0.001013481,0.001058813,0.001108832,1.89689e-4,3.12128e-4,2.21664e-4,8.09707e-4,2.21914e-4,5.5e-5,2.40753e-4,6.36e-6,0.001247855,0.001430906,3.29717e-4,9.81517e-4,2.56083e-4,8.3e-5,4.57367e-4,4.65287e-4,2.1756e-4,4.87173e-4,4.49331e-4,1.55833e-4,3.61739e-4,2.01958e-4,2.1407e-4
control,0.56588661,0.042115944,2.43e-6,0.018051314,0.002582338,0,0.007404018,0.004497758,4.63e-7,4.82e-5,0.006831632,0.005500063,8.10816e-4,0.001983931,0.001998842,2.27e-5,8.02e-6,6.94302e-4,3.89058e-4,1.78238e-4,6.68e-5,1.05305e-4,3.86e-5,3.35936e-4,4.74e-5,1.99e-5,5.46e-5,5e-6,9.21191e-4,3.64601e-4,1.30915e-4,3.20665e-4,2.83e-5,1.61735e-4,1.30987e-4,1.14895e-4,3.83e-5,1.26914e-4,1.41202e-4,1.19733e-4,9.59e-5,4.93025e-4,1.37092e-4
hyper,0.002704955,0.178408754,2.32e-5,0.082105805,0.017250273,1.71e-6,0.028906847,0.003344902,1.19e-5,1.46e-6,0.003152618,7.65886e-4,3.73e-5,0.017487905,0.008880179,8.07e-5,1.78e-5,8.49225e-4,0.001601061,0.001952234,8.84e-5,4.10096e-4,1.74585e-4,6.16725e-4,0.002281742,1.02186e-4,4.47e-5,3.45e-6,0.002297435,5.31333e-4,3.71249e-4,6.89983e-4,9.66e-5,3.44453e-4,8.69895e-4,1.99342e-4,1.40996e-4,5.12532e-4,4.15823e-4,1.36799e-4,7.34107e-4,8.68e-5,9.37e-5
control,0.479015906,0.073699458,0.02298411,0.011962027,0.001105977,7.69824e-4,0.006705611,0.010359168,9.09e-7,2.62e-7,0.001124411,0.002124718,0.001907837,0.001577745,0.002095175,6.94e-5,7.02e-5,3.21571e-4,8.37587e-4,4.03469e-4,4.79e-5,8.87e-5,4.22e-5,1.9439e-4,1.95465e-4,3.88e-5,5.74e-5,2.55e-6,3.66552e-4,4.12256e-4,2.49327e-4,2.93919e-4,3.3e-5,1.53263e-4,3.84192e-4,8.91e-5,1.2795e-4,1.27184e-4,9.79e-5,4.91e-5,1.25128e-4,1.05229e-4,5.69e-5
hyper,0.003321226,0.001232344,3.66e-6,0.008632808,0.001539141,8.58e-7,0.052615196,0.002129196,5.46e-5,2.02e-5,0.00275826,4.48224e-4,2.93e-5,0.006585147,0.009253892,5.61e-5,1.24e-5,9.44584e-4,9.02703e-4,5.64172e-4,1.12466e-4,4.2168e-4,3.4e-5,2.2102e-4,0.001087729,1.1e-5,3.72e-5,8.35e-7,5.97232e-4,4.29555e-4,2.91762e-4,6.93454e-4,8.61e-5,5.65183e-4,8.63044e-4,1.05722e-4,1.27858e-4,2.38249e-4,8.92e-5,6.12e-5,1.75507e-4,5.19e-5,5.02e-5
control,0.025996461,0.043209668,0.00131857,0.004480356,0.00102529,7.85e-6,0.012088495,8.67405e-4,2.87e-6,2.4e-5,0.002306836,4.33851e-4,2.00067e-4,0.002378262,0.002218376,5.91249e-4,1.69e-5,5.79441e-4,2.75795e-4,2.66922e-4,1.69064e-4,5.61e-5,3.97e-5,1.84589e-4,8.56e-5,5.09e-6,8.38e-5,6.69e-6,0.001006421,1.95739e-4,9.87e-5,3.71338e-4,2.02787e-4,2.07578e-4,1.4167e-4,8.63e-5,6.78e-5,2.41796e-4,7.26e-5,7.83408e-4,1.2128e-4,5.32e-5,3.13e-5
control,0.008373203,0.040060266,0.001805787,0.001749526,0.001011112,3.68e-5,0.0118011,0.018284684,2.66e-6,0.008605308,0.004588285,0.003591688,0.01640276,9.04632e-4,0.001348667,1.58e-5,3.24138e-4,1.79718e-4,3.2713e-4,7.08122e-4,5.84e-5,3.00098e-4,3.60721e-4,2.58236e-4,3.38231e-4,5.96397e-4,1.08953e-4,2.01e-5,2.32098e-4,0.001035597,9.32281e-4,2.19324e-4,2.22e-5,2.80225e-4,4.10024e-4,2.70932e-4,2.04472e-4,6.8e-5,1.0421e-4,5.82e-5,5.5e-5,8.56e-5,6.55e-5
hyper,0.002691447,0.030838335,2.47e-5,0.105715614,0.001248667,9.36e-7,0.038425519,0.00168345,2.84e-6,3.12e-6,0.014120536,0.007927975,0.001840245,0.013054895,0.010776561,3.22e-5,3.41e-5,0.003901013,4.63872e-4,8.33696e-4,2.644e-4,1.01756e-4,4.75e-5,0.001139253,3.1885e-4,2.33e-5,2.17106e-4,2.8e-6,0.002280019,4.93238e-4,1.29461e-4,9.14084e-4,1.31567e-4,1.61332e-4,1.75626e-4,2.1158e-4,2.18563e-4,4.99771e-4,3.37134e-4,1.72791e-4,1.90313e-4,5.19e-5,2.52499e-4
hyper,0.456794908,9.11926e-4,0.102109726,3.35323e-4,2.35929e-4,1.0998e-4,0.020024908,5.69562e-4,4.19e-6,4.02e-7,6.67817e-4,0.00147882,0.002225696,0.001204757,0.003020372,0.003157485,1.54e-5,1.70938e-4,7.89e-5,8.75e-5,2.2906e-4,6.40646e-4,2.34e-5,8.72e-5,4.11117e-4,2.45e-6,1.93257e-4,3.4e-7,2.84588e-4,9.34e-5,4.06e-5,3.08897e-4,5.39e-6,1.81895e-4,6.19e-5,2.04e-5,1.06585e-4,5.71e-5,2.35e-5,5.16e-5,3.25e-5,2.22e-5,5.41e-6
control,0.521616867,0.02302592,2.06504e-4,0.004733923,0.020995232,1.39e-5,0.009768008,3.83444e-4,8.01e-6,5.54e-7,5.61397e-4,3.61266e-4,1.55282e-4,0.004474332,0.005261268,2.97038e-4,1.72e-5,2.71117e-4,5.45e-5,1.70231e-4,5.62e-5,1.02324e-4,4.16e-5,1.08631e-4,4.33e-5,7.22e-6,0.002752669,7.4e-8,6.77895e-4,7.96e-5,9.19e-5,1.76006e-4,3.61e-5,9.53e-5,2.66e-5,9.0388e-4,9.93e-5,1.26119e-4,7.65e-5,2.13e-5,1.62932e-4,1.01499e-4,1.28e-5
control,0.001520165,0.177921318,1.94887e-4,0.027620582,0.001340655,0.003175597,0.039606044,0.003042165,4.19e-6,5.72e-6,0.033957999,0.01211937,4.51132e-4,0.006484069,0.008996037,1.4114e-4,2.53e-5,0.002077996,6.42437e-4,6.05e-4,6.23656e-4,1.13461e-4,8.69e-5,0.001676602,1.72177e-4,1.04977e-4,1.94073e-4,6.54e-6,0.003703374,0.001073056,3.67505e-4,0.001182841,3.06265e-4,7.6e-5,4.04036e-4,3.48925e-4,2.56526e-4,8.40612e-4,4.41721e-4,4.08187e-4,5.9099e-4,3.19679e-4,4.23311e-4
hyper,0.659292155,0.004092797,0.005012829,7.59629e-4,1.43683e-4,8.58859e-4,0.003833481,0.003005027,1.21e-6,3.2e-5,4.83714e-4,5.26506e-4,0.001299372,2.67289e-4,6.95735e-4,1.27e-5,1.46991e-4,1.34081e-4,4.61e-5,9.45e-5,1.30611e-4,3.41e-5,1.69148e-4,1.07757e-4,4.55e-5,6.11e-6,5.42e-5,8.38e-7,2.34425e-4,1.30264e-4,4.22e-5,7.15e-5,4.94e-6,3.5839e-4,5e-5,5.7e-5,2.28e-5,2.92e-5,2.15e-5,5.76e-5,3.63e-5,2.10271e-4,1.74e-5
control,0.191683637,0.184320912,8.8e-6,0.004826192,2.27657e-4,6.35e-6,0.013225666,0.079341918,9.75698e-4,4.84e-5,0.007131065,0.005423305,0.010914122,0.001165637,0.002328595,7.74e-5,0.004413049,4.68852e-4,6.10266e-4,0.001020595,1.55673e-4,2.67483e-4,1.03422e-4,6.1288e-4,5.32042e-4,0.002238477,2.47e-5,4.12e-5,4.26449e-4,0.001239455,0.001328195,4.01231e-4,4.6e-5,2.84612e-4,9.70648e-4,5.95481e-4,4.02866e-4,8.91e-5,3.41524e-4,5.33e-5,3.10811e-4,2.88047e-4,1.36301e-4
hyper,0.001650588,0.232485716,5.05827e-4,0.018791924,0.001524781,3.83556e-4,0.033491413,0.039417371,2.13e-5,7.2e-6,0.008031578,0.018938446,0.005158096,0.003747212,0.004486879,1.21448e-4,5.93331e-4,9.4564e-4,6.07383e-4,0.001046375,1.98109e-4,3.14651e-4,7.69922e-4,8.74423e-4,4.87914e-4,1.05901e-4,1.05779e-4,2.53e-5,9.55666e-4,0.002657447,9.02605e-4,0.001152575,1.13301e-4,3.03927e-4,9.11691e-4,4.95298e-4,3.5805e-4,6.0508e-4,3.94413e-4,1.72938e-4,2.77529e-4,2.42972e-4,2.31515e-4
control,0.615947092,0.054942983,0.002271882,0.008555002,6.04927e-4,3.1e-5,0.010374863,0.001148882,8.49e-7,2.92e-7,0.001847203,0.001072132,1.45e-5,0.001692452,0.003958003,2.06e-5,2.02e-5,4.98148e-4,1.27783e-4,2.42283e-4,5.69e-5,4.48e-5,3.02e-5,3.17057e-4,7.45e-5,7.9e-6,4.48e-5,4.02e-8,6.1461e-4,1.36661e-4,5.69e-5,3.34357e-4,2.72e-5,6.33e-5,4.52e-5,4.81e-5,2.25e-5,2.07045e-4,1.11795e-4,3.86e-5,1.14932e-4,6.28e-5,1.24311e-4
hyper,0.001698846,0.286259275,0.036325091,0.01630355,3.01076e-4,0.00148837,0.024739457,0.004641018,1.48e-6,1.1e-6,0.007142993,0.018406392,3.59e-6,0.004718166,0.00733611,3.69217e-4,1.33e-5,4.51757e-4,0.001330899,0.001027844,5.94e-5,2.30666e-4,3.68e-5,5.3023e-4,7.15819e-4,1.47e-5,1.27642e-4,1.95e-6,0.001167936,0.001071401,7.1443e-4,4.91259e-4,7.93e-5,2.74947e-4,6.11758e-4,2.17661e-4,3.56673e-4,2.82472e-4,3.44445e-4,9.9e-5,3.87498e-4,1.79017e-4,9.19e-5
control,0.506514412,0.063324112,0.002332332,0.010691442,1.82519e-4,8.18e-5,0.018340076,0.012640644,0.001781737,3.13348e-4,0.006462257,0.002461695,0.002078011,0.001037287,0.001952616,3.11e-5,2.69443e-4,7.24414e-4,3.20986e-4,0.006231202,1.67441e-4,1.07729e-4,1.2603e-4,0.001590024,1.22588e-4,7.6e-5,5.01e-5,0.00720977,4.18049e-4,0.001278003,4.09478e-4,4.2812e-4,1.92757e-4,2.2911e-4,4.94539e-4,9.96598e-4,1.76723e-4,1.91071e-4,2.54274e-4,1.25431e-4,1.46735e-4,3.78945e-4,1.54472e-4
hyper,0.194841685,0.071914375,2.22118e-4,0.036150405,7.27047e-4,2.85e-5,0.014501306,0.014624844,2.4e-6,6.24e-6,0.029325083,0.00363917,0.001384346,0.002432459,0.003997317,1.98e-5,7.25497e-4,0.0093267449999999991,3.24504e-4,6.49532e-4,3.51042e-4,1.37292e-4,1.08325e-4,9.31358e-4,3.10917e-4,7.07e-5,5.93855e-4,6.86e-6,0.001248626,7.39872e-4,3.64792e-4,0.00056589400000000005,9.15e-5,0.001644372,3.96364e-4,2.70373e-4,2.43309e-4,3.73979e-4,1.77999e-4,2.09246e-4,3.18752e-4,4.8091e-4,1.30937e-4
control,0.281244058,0.1106566,0.004379484,0.005043942,4.81693e-4,6.83e-5,0.021517334,0.029090595,2.36e-6,0.00722221,0.004304409,0.004570673,0.00906922,0.001032243,0.003295497,2.44e-5,6.06e-5,0.004108186,3.36943e-4,8.04803e-4,5.27e-5,1.44652e-4,2.44248e-4,3.78827e-4,5.11107e-4,1.93594e-4,5.66e-5,2.67e-5,4.03236e-4,8.85794e-4,5.93683e-4,3.75569e-4,1.75e-5,0.001055799,4.77177e-4,1.99304e-4,5.77942e-4,1.32785e-4,1.18376e-4,9.84e-5,1.80339e-4,2.00592e-4,6.83e-5
hyper,0.010707247,0.098002922,4.99e-6,0.02529604,8.38407e-4,2.19e-6,0.05624529,0.011300852,0.013460664,0.00514722,0.007734379,0.00558681,0.003184011,0.003263626,0.003706104,2.83e-5,5.15e-5,0.001353812,3.41648e-4,0.001588695,2.60012e-4,1.00311e-4,1.06323e-4,9.8787e-4,2.34293e-4,4.61e-5,5.97e-5,2.79064e-4,0.00151629,0.001521056,6.17242e-4,6.28436e-4,1.50819e-4,2.82926e-4,4.19507e-4,4.47791e-4,1.9029e-4,4.51771e-4,2.96458e-4,3.16639e-4,2.347e-4,2.90703e-4,1.97605e-4
control,0.002106362,0.078580242,7.06e-5,0.027346319,0.004264784,7.61e-5,0.044411518,0.034929701,1.17e-5,0.044910026,0.03887704,0.017645655,0.004837367,0.012387652,0.005095972,2.35e-5,1.03132e-4,0.021614375,5.29371e-4,8.8674e-4,2.64589e-4,2.60263e-4,8.74e-5,0.001178503,0.00037884700000000003,7.65e-5,9.68e-5,1.21512e-4,0.003204753,0.001613749,6.74871e-4,7.86464e-4,2.64135e-4,2.35674e-4,5.11475e-4,5.58588e-4,5.89483e-4,5.84795e-4,4.0139e-4,3.32157e-4,2.70425e-4,2.06947e-4,2.13782e-4
hyper,0.048134163,0.111580441,7e-6,0.004109368,7.7285e-4,9.74e-6,0.045578428,0.05613575,1.72261e-4,5.55772e-4,0.020700161,0.015189945,0.006346841,0.00170836,0.004575809,4.27e-5,0.021766992,0.001243428,6.6055e-4,0.003204041,2.78642e-4,3.29658e-4,2.30756e-4,0.001300194,8.89543e-4,3.01338e-4,2.08409e-4,6.51e-5,8.58933e-4,0.003187822,0.001486529,0.001164254,1.42945e-4,1.00053e-4,0.00210934,0.001013205,0.001288857,4.12087e-4,6.04696e-4,1.74909e-4,3.76174e-4,4.44857e-4,3.40351e-4
hyper,0.505074524,0.021020979,0.006638335,0.006204901,0.003619875,1.12e-5,0.014567352,5.26483e-4,1.63e-6,1.45608e-4,0.002395245,1.67863e-4,1.57261e-4,0.002952163,0.001643404,6.04299e-4,4.65e-6,7.91385e-4,1.14473e-4,1.03032e-4,5.09305e-4,4.73e-5,1.33e-5,4.22296e-4,9.46e-5,3.44e-6,3.15396e-4,2.14e-6,0.001888848,1.85323e-4,4.62e-5,0.001300748,3.3149e-4,7.17899e-4,5.65e-5,1.23348e-4,1.59e-5,3.18718e-4,7.91e-5,7.82e-5,1.50263e-4,4.76e-5,3.57e-5
control,0.086889129,0.067818018,6.75e-6,0.006602932,0.001974302,1.27e-5,0.027136063,0.033972958,2.39e-6,8.81e-6,0.006101691,0.017450896,0.006890039,0.002862247,0.004525196,2.75e-5,1.28073e-4,0.003047102,5.19581e-4,0.001540783,1.34487e-4,1.39528e-4,5.54e-5,8.02415e-4,6.73238e-4,1.09874e-4,3.7e-5,1.09037e-4,7.72818e-4,0.001638182,8.22832e-4,7.36204e-4,9.38e-5,3.25317e-4,7.59996e-4,5.79647e-4,8.72417e-4,4.1457e-4,3.89962e-4,2.2359e-4,2.61963e-4,2.48618e-4,2.33644e-4
hyper,0.053949578,0.075049925,3.68e-5,0.008273231,0.001134772,9.38e-6,0.064154786,0.081266789,2.28e-5,7.66267e-4,0.025130753,0.00822463,0.002918331,0.001711421,0.00430273,5.1e-5,0.003380748,0.001263086,0.001149195,0.010015337,3.78183e-4,5.49431e-4,1.92106e-4,0.001417707,0.001422604,3.93459e-4,6.2e-5,2.95377e-4,7.29432e-4,0.004316777,0.001649003,0.001035179,1.86924e-4,1.9584e-4,0.002367234,0.001991387,8.54778e-4,1.98779e-4,3.77069e-4,2.84397e-4,3.67438e-4,7.01192e-4,5.0024e-4
control,0.06552272,0.092603005,0.055852907,0.002413074,0.001958088,0.001329338,0.037970742,0.069246216,8.68e-6,7.93e-6,0.042805454,0.005023192,0.009969419,0.001360493,0.00474817,4.53e-5,0.006666596,7.71835e-4,0.001891867,0.004580682,3.65229e-4,2.93908e-4,1.75854e-4,0.001289267,0.001575356,0.00366837,9.31e-5,6.29e-5,8.00896e-4,0.005486548,0.00139506,7.84741e-4,1.36913e-4,7.69e-5,0.001678796,0.001569397,7.25241e-4,1.77488e-4,2.7722e-4,2.0349e-4,4.03951e-4,4.9135e-4,2.6153e-4
hyper,0.654342136,1.49689e-4,3.87e-6,0.003225094,7.11e-5,7.62e-5,0.007793868,4.30505e-4,9.33e-7,1.01e-7,2.44078e-4,4.35e-5,3.0654e-4,4.4236e-4,8.46682e-4,2.7005e-4,4.73e-5,1.48932e-4,1.98802e-4,6.33e-5,4.17e-5,3.7e-5,3.22e-6,4.44e-5,1.5236e-4,7.95e-6,3.11e-5,2.91e-7,3.40154e-4,1.7287e-4,3.46e-5,3.50654e-4,9.63e-6,8.39107e-4,4.23e-5,5.78e-5,2.98e-5,2.15991e-4,1.9e-5,3.16e-5,1.67e-5,1.42e-5,1.83e-5
hyper,0.00552925,0.072555477,4.03e-5,0.015080441,0.006931242,2.02e-5,0.031672915,0.014740108,1.03e-5,1.22e-6,0.016988427,0.014290979,0.014754236,0.011123492,0.004303508,4.22e-5,2.21704e-4,0.001766153,4.35619e-4,8.31668e-4,1.14479e-4,4.23288e-4,0.012673272,4.65482e-4,3.23044e-4,0.002116013,3.35642e-4,9.93e-6,0.001473982,0.001315502,7.13063e-4,7.23339e-4,3.47e-5,3.83919e-4,5.24156e-4,2.41956e-4,2.7981e-4,2.42302e-4,2.35911e-4,1.74029e-4,2.52433e-4,1.17653e-4,1.8047e-4
control,0.498778522,0.14076621,4.71e-6,0.004429813,5.43857e-4,3.47e-6,0.011162817,0.007155533,0.001437223,5.69e-7,0.00288075,0.003928545,0.002230551,9.02079e-4,0.003091719,5.1e-5,9.48e-5,6.60524e-4,7.98303e-4,3.31468e-4,7.49e-5,7.59e-5,1.02121e-4,4.84857e-4,1.37186e-4,1.96771e-4,1.55e-5,1.5e-6,2.57498e-4,4.57714e-4,2.0422e-4,2.29013e-4,2.48e-5,2.38356e-4,2.59122e-4,5.5449e-4,3.11402e-4,1.0447e-4,1.57257e-4,6.43e-5,1.99092e-4,9.11e-5,5.32e-5
hyper,0.570992535,0.014626811,3.11e-6,0.004670763,1.02284e-4,1.58e-5,0.014835589,0.002250177,1.36e-6,3.14e-5,0.006014844,0.002056246,3.83495e-4,0.001407056,0.002962229,4.76e-6,1.73838e-4,6.48593e-4,1.30994e-4,1.3997e-4,5.4876e-4,4.62e-5,5.97e-5,3.25048e-4,4.34e-5,5.08e-6,6.27465e-4,4.53e-5,4.86689e-4,2.89452e-4,7.4e-5,2.06701e-4,8.01e-5,8.51141e-4,6.35e-5,1.61335e-4,6.42e-5,1.46324e-4,8.82e-5,2.19449e-4,1.30499e-4,1.61569e-4,7.15e-5
hyper,0.001550269,1.50698e-4,2.26e-5,6.97e-5,1.03e-5,1.06e-6,6.96066e-4,3.71e-5,3.11e-6,1.08e-6,3.75e-5,0.001629968,3.27e-6,4.25e-5,2.12793e-4,3.17258e-4,3.7e-7,2.84e-5,1.19e-5,7.48e-6,1.25673e-4,2.57e-6,1.91e-8,7.49e-6,3.24e-6,2.12e-7,9.2e-5,5.14e-7,2.1e-5,1.26e-5,4.81e-6,4.47806e-4,5.78697e-4,6.74653e-4,1.09e-5,4.52e-5,2.1e-6,4.92e-5,3.1e-6,9.75e-6,3.5e-6,8.7e-6,4.73e-6
hyper,0.398745454,0.0171217,1.86e-5,0.008671947,0.002243122,4.28e-6,0.018536558,0.003037652,9.32e-7,9.15e-8,0.00618768,0.001297557,0.003363506,0.004676063,0.002216505,1.38417e-4,2.46942e-4,0.001020696,1.0197e-4,0.018929008,7.95e-5,5.55e-5,6.45e-5,6.38782e-4,1.70111e-4,1.71e-5,9.56e-5,1.3e-6,0.001162911,4.12259e-4,9.39e-5,3.9885e-4,9.44e-5,4.28212e-4,1.36564e-4,9.72e-5,1.19576e-4,1.42979e-4,1.06975e-4,1.28244e-4,7.49e-5,4.55e-5,5.45e-5
control,0.393824653,0.002608033,1.78804e-4,0.010846233,2.71741e-4,1.98262e-4,0.029955732,5.29837e-4,1.43e-5,5.36e-8,8.27286e-4,2.01216e-4,0.001461626,0.001331841,0.004367593,2.6e-5,1.33e-5,2.96481e-4,1.1379e-4,9.91e-5,2.32e-5,5.68e-5,7.3e-6,1.11439e-4,1.61396e-4,2.56e-6,7.62e-6,1.01e-6,4.76259e-4,8.52e-5,5.91e-5,2.20527e-4,2.69e-5,2.18505e-4,7.58e-5,5.04e-5,5.65e-5,1.10304e-4,8.96e-5,5.27e-5,5.37e-5,5.18e-5,1.68e-5
control,0.414698166,0.120140136,4.15989e-4,0.001910366,2.82475e-4,2.48e-5,0.010364583,0.00774227,3.49e-6,2.39e-5,0.001357567,0.006441019,0.006123269,8.53974e-4,0.002526009,4.99e-5,7.02e-5,2.93609e-4,3.40843e-4,3.75643e-4,3.79e-5,4.85e-5,7.84663e-4,1.7009e-4,2.83503e-4,6.77e-5,9.12e-5,1.09e-6,0.001048775,3.93395e-4,2.15868e-4,2.32309e-4,3.25e-5,9.54777e-4,3.2996e-4,7.7e-5,7.24e-5,1.08548e-4,8.05e-5,2.56e-5,1.49908e-4,7.33e-5,3.51e-5
hyper,0.003113578,0.14793877,0.001399458,0.035420368,0.001884035,1.58e-5,0.02211568,0.029499106,4.97e-6,0.004018781,0.013741234,0.01542508,0.01266145,0.003329656,0.004601592,9.77e-5,3.32855e-4,0.002468542,6.469e-4,9.88895e-4,5.13399e-4,4.30024e-4,1.19941e-4,0.001167706,3.91173e-4,1.2599e-4,1.20384e-4,5.76e-5,0.001273419,0.002198317,7.5498e-4,6.93344e-4,9.06e-5,1.72948e-4,7.83239e-4,5.58108e-4,2.83399e-4,3.69914e-4,3.30152e-4,1.71242e-4,3.30409e-4,2.85384e-4,2.77107e-4
control,0.374284523,0.030370552,1.32356e-4,9.5787e-4,6.77549e-4,1.07e-5,0.0080015180000000009,0.019985486,5.96978e-4,3.26314e-4,0.004522471,0.00110183,0.00829285,8.52256e-4,0.002321962,6.28e-5,8.31482e-4,3.5455e-4,1.32641e-4,3.58726e-4,5.7e-5,1.77191e-4,4.02308e-4,2.66192e-4,5.51222e-4,8.47e-5,4.13e-5,4.38e-6,3.95705e-4,3.61917e-4,4.05568e-4,2.11281e-4,2.82e-5,3.02041e-4,4.13605e-4,3.1678e-4,2.61875e-4,2.4187e-4,7.94e-5,1.18479e-4,6.42e-5,1.51728e-4,5.06e-5
hyper,0.620090328,0.025415841,4.27053e-4,0.005861623,0.003937196,2.10298e-4,0.005114772,0.00118462,9.49e-6,6.5e-7,0.001509544,0.001791679,1.33285e-4,0.002009357,9.0494e-4,3.14e-5,2.36e-6,4.39844e-4,1.53513e-4,2.21788e-4,1.21221e-4,3.82e-5,2.24e-5,3.01198e-4,4.58e-5,3.37e-5,4.64e-5,1.3e-6,8.41455e-4,1.17349e-4,2.97e-5,1.02792e-4,1.31e-5,5.9094e-4,4.98e-5,3.59e-5,2.19e-5,8.5e-5,4.39e-5,4.23e-5,4.11e-5,1.69873e-4,2.39e-5
control,0.09585848,0.045738758,0.026192905,0.002813479,0.013820819,0.089737246,0.027542395,0.019275515,7.46e-6,1.28444e-4,0.028634837,0.005051454,0.008100857,0.001022657,0.002191399,1.86e-5,0.001432621,0.002165173,6.26556e-4,0.002142026,1.35204e-4,3.46233e-4,2.3762e-4,6.65894e-4,3.56562e-4,1.68946e-4,4.32174e-4,0.002327622,5.02122e-4,0.002273721,0.001043636,5.86875e-4,1.30068e-4,3.33739e-4,0.001189067,0.001172237,7.89118e-4,1.76425e-4,2.21917e-4,2.0557e-4,1.82801e-4,4.44513e-4,2.37121e-4
control,0.566783079,0.00987506,0.002679314,0.003220281,1.13987e-4,0.001821976,0.009459447,0.021807966,9.42e-7,2.34e-5,0.004084751,0.001011676,0.003401198,4.59224e-4,0.001228985,7.47e-6,4.36e-5,2.82508e-4,1.68467e-4,3.49263e-4,8.09e-5,3.05e-5,2.72e-5,1.92326e-4,1.59307e-4,5.1e-5,1.58e-5,7.58e-6,3.92552e-4,4.11616e-4,2.16976e-4,1.79852e-4,1.67e-5,3.16283e-4,2.91449e-4,1.62148e-4,1.57995e-4,7.95e-5,5.43e-5,3.93e-5,1.28452e-4,6.48e-5,9.53e-5
control,0.001446108,0.093268345,0.011229838,0.033933884,2.62619e-4,9.91347e-4,0.027434631,0.002515336,6.97e-6,3.19e-5,0.002892325,8.36682e-4,1.1e-5,0.010410913,0.005414769,1.21406e-4,6.61e-6,5.10208e-4,8.80974e-4,5.19285e-4,6.99e-5,5.82e-5,5.37e-5,4.75986e-4,5.57832e-4,1.42e-5,4.46383e-4,1.71e-7,7.61585e-4,5.30676e-4,2.23527e-4,5.47038e-4,3.49e-5,9.73e-5,3.04402e-4,1.23122e-4,3.82268e-4,3.69829e-4,4.81899e-4,1.56272e-4,1.74394e-4,9.35e-5,1.00435e-4
control,0.048276533,0.127713089,5.89e-5,0.028035826,0.002989368,3.01658e-4,0.023395543,0.001023522,7.13e-6,5.7e-7,0.001305676,0.005012401,1.79264e-4,0.002521238,0.004514481,2.48689e-4,7.27677e-4,3.32525e-4,6.27145e-4,3.20873e-4,6.69e-5,8.45e-5,2.91907e-4,1.97412e-4,5.06229e-4,1.24646e-4,6.02792e-4,1.04e-5,6.1191e-4,2.6373e-4,2.07671e-4,9.82435e-4,2.66e-5,1.77045e-4,4.09057e-4,1.41632e-4,2.62172e-4,1.62491e-4,9.51e-5,7.14e-5,3.46662e-4,7.94e-5,4.26e-5
control,0.69038707,0.004430686,4.24e-6,7.39805e-4,4.87e-5,3.22e-7,0.007755492,9.84941e-4,1.56e-6,2.73e-7,4.29512e-4,4.315e-4,0.001484842,6.57176e-4,8.85629e-4,2.55e-5,2.3e-5,2.37266e-4,3.26e-5,1.30872e-4,5.07e-5,1.90521e-4,1.40067e-4,1.74116e-4,3.38e-5,2.69e-6,3.88e-5,2.71e-7,2.90381e-4,2.14507e-4,2.15e-5,8.82e-5,1.37e-5,7.15432e-4,3.51e-5,2.8e-5,1.03602e-4,3.71e-5,2.34e-5,3.65e-5,2.15e-5,2.16016e-4,2.16e-5
hyper,0.002336183,0.289779167,0.002109969,0.032867929,0.019178468,2.61726e-4,0.018712425,0.005891318,2.07e-6,3.02e-6,0.002217245,0.005660404,0.005967537,0.009207473,0.002441068,8.85e-5,0.00613962,6.26153e-4,4.68596e-4,6.30063e-4,8.87e-5,2.69376e-4,7.96e-5,3.33838e-4,8.96124e-4,1.03167e-4,2.37e-5,2.17e-6,6.23979e-4,7.96297e-4,5.03515e-4,5.57003e-4,7.01e-5,1.14233e-4,5.69849e-4,1.74749e-4,2.76253e-4,1.67026e-4,3.3095e-4,1.14347e-4,2.49389e-4,2.01019e-4,7.6e-5
control,0.004012976,0.086405701,8.44e-5,0.017841154,0.001442332,5.16e-5,0.016516237,0.021183071,7.19e-6,6.5522e-4,0.010897995,0.010641883,0.011034934,0.003784379,0.003135528,1.42316e-4,1.58914e-4,9.79469e-4,6.14434e-4,0.001068111,6.88e-5,4.48325e-4,1.12666e-4,5.09782e-4,3.00685e-4,7.95e-5,9.18e-5,2.66e-5,9.08157e-4,0.001698145,6.7855e-4,7.2524e-4,7.01e-5,2.86677e-4,7.38368e-4,4.17504e-4,4.70307e-4,2.29516e-4,1.97804e-4,2.14544e-4,2.39361e-4,1.80559e-4,1.62399e-4
hyper,0.152704626,0.101024077,3.89e-5,0.003025749,0.026847949,2.57012e-4,0.022793252,0.028962585,9.51e-6,3.07415e-4,0.003711167,0.006815056,0.021147456,0.002227343,0.002714524,1.51364e-4,7.41018e-4,0.001053979,2.85902e-4,7.6968e-4,6.78e-5,0.002487821,2.788e-4,2.91083e-4,0.001791768,6.18e-5,5.05e-5,4.23e-6,0.001219188,6.09752e-4,4.8265e-4,6.57045e-4,3.66e-5,2.73578e-4,4.58767e-4,1.39737e-4,3.5292e-4,1.93658e-4,1.408e-4,1.25384e-4,1.68329e-4,2.52079e-4,6.43e-5
hyper,0.007022569,0.09027312,3.29733e-4,7.82644e-4,0.001668192,1e-5,0.012783006,0.001348241,1.14e-5,1.96e-5,0.001223026,0.001161097,4.74e-6,0.001935224,0.003864646,2.23454e-4,7.79e-6,2.14606e-4,0.001956707,1.66221e-4,8.04e-5,5.07636e-4,2.18e-5,2.14447e-4,0.001481549,5.52e-6,1.00115e-4,1.94e-6,7.7528e-4,1.35534e-4,5.37e-5,2.46649e-4,3.29e-5,3.85956e-4,1.36405e-4,4.27e-5,1.48089e-4,3.25258e-4,3.97e-5,3.7187e-4,6.97e-5,4.3e-5,1.7e-5
control,0.004953455,0.005685466,2.47e-5,0.009145175,2.16759e-4,2.93e-6,0.013342932,0.011879471,4.84e-6,6.04e-5,0.003366497,3.89861e-4,0.004043831,0.00150761,0.00278237,1.32e-5,5.19e-5,7.66748e-4,1.48265e-4,2.44646e-4,1.11359e-4,1.38017e-4,8.36e-5,2.50303e-4,2.75919e-4,1.65e-5,7.65378e-4,9.22e-6,5.88976e-4,4.4351e-4,9.97e-5,2.71817e-4,8.6700000000000007e-05,6.87589e-4,1.53428e-4,9.54e-5,6.3e-5,1.09595e-4,8.65e-5,9.97e-5,9e-5,8.98e-5,4.63e-5
hyper,0.512421546,0.037456141,5.30118e-4,0.007079097,1.18991e-4,1.9023e-4,0.008986649,0.011322858,2.52e-5,5.31e-5,0.005057713,0.0023174,0.00267899,8.62608e-4,0.001794433,6.92e-6,3.12408e-4,3.74972e-4,5.18465e-4,3.29945e-4,7.3e-5,6.84e-5,3.65e-5,3.89412e-4,1.43823e-4,3.04e-5,5.52e-5,2.66e-5,6.33933e-4,5.67142e-4,2.95457e-4,1.84871e-4,3.19e-5,6.09568e-4,2.30712e-4,1.45509e-4,1.70439e-4,1.10317e-4,1.02534e-4,1.21553e-4,1.12142e-4,1.40937e-4,7.43e-5
hyper,0.561493306,0.001306781,1.07e-5,0.001014074,0.001217864,2.32e-6,0.049564049,1.8629e-4,3.38e-6,9.52e-6,8.64982e-4,1.12927e-4,7.55e-5,0.00104917,0.003652697,9.09e-5,1.54e-5,5.13439e-4,1.43e-5,4.61e-5,4.46e-5,2.96e-5,9.95e-5,3.45729e-4,2.24e-5,1.25e-6,7.01e-5,1.5e-7,8.10051e-4,1.38579e-4,2.62e-5,2.63046e-4,2.1e-5,0.001081511,2.78e-5,1.59487e-4,9.36e-6,1.47114e-4,9.61e-5,3.40336e-4,1.10614e-4,8.2e-6,2.22e-5
hyper,0.0045405,6.60226e-4,8.0534e-4,5.95495e-4,0.004459189,1.76756e-4,0.022190469,6.12831e-4,4.59e-6,3.54e-7,7.70928e-4,1.07232e-4,3.58914e-4,0.002842191,0.006921271,5.27679e-4,4.19e-6,2.37125e-4,4.50571e-4,2.29586e-4,5.48e-5,3.28e-5,7.03e-5,7.89e-5,3.85432e-4,2.98e-6,1.28824e-4,2.05e-7,3.65327e-4,1.0311e-4,5.67e-5,2.16343e-4,3.53e-5,2.8495e-4,9.08e-5,4.55e-5,4.09e-5,2.15033e-4,6.85e-5,2.01509e-4,1.9836e-4,1.66e-5,1.53e-5
control,0.003772088,0.016614968,6.99e-5,0.02362355,3.91735e-4,4.59e-6,0.035794276,0.011339447,1.15e-5,8.49e-6,0.003635834,0.001197501,0.008736846,0.004189868,0.003672643,7.6e-5,1.36874e-4,9.50076e-4,0.001363325,3.29407e-4,8.33e-5,1.79757e-4,2.16586e-4,6.78531e-4,8.41829e-4,4.68e-5,1.76717e-4,6.48e-7,0.001698112,4.97091e-4,1.90466e-4,4.73294e-4,8.32e-5,5.15467e-4,2.6527e-4,1.40661e-4,1.6389e-4,2.89188e-4,1.31358e-4,1.38857e-4,1.76092e-4,8.62e-5,9.17e-5
control,0.110013207,0.061813912,3.93e-5,0.009182747,0.006892601,9.88e-5,0.016551271,0.044830996,5.53e-6,3.9e-5,0.010490907,0.014472325,0.004258854,0.002506818,0.002974121,8.46e-5,0.007922961,0.00230951,5.88769e-4,0.001832475,1.23965e-4,8.78891e-4,2.89636e-4,7.47458e-4,6.16926e-4,2.79615e-4,5.37e-5,1.93975e-4,6.75159e-4,0.001324937,9.18097e-4,6.30502e-4,8.09e-5,3.10838e-4,9.86448e-4,7.73355e-4,4.75154e-4,2.09166e-4,2.95564e-4,1.33625e-4,2.26274e-4,2.68134e-4,4.93455e-4
hyper,0.420670262,0.15417078,1.57e-5,0.002256839,1.84113e-4,1.68e-5,0.003376102,0.005367764,5.69e-5,2.56e-6,6.60623e-4,0.001331736,4.57501e-4,0.001274827,0.002567622,5.54793e-4,7.55e-6,2.57692e-4,2.25155e-4,1.50221e-4,5.77e-5,6.88e-5,0.001357355,1.76296e-4,2.11121e-4,3.13e-5,5.93e-5,1.5e-6,2.78166e-4,2.44535e-4,1.75266e-4,4.57858e-4,4.45e-5,2.4946e-4,1.11672e-4,1.62682e-4,6.08e-5,1.22028e-4,1.46005e-4,2.44e-5,1.65992e-4,1.09773e-4,7.48e-5
hyper,0.002090501,0.084184211,3.33e-5,0.00291593,1.36185e-4,4.29e-7,0.014871982,0.00730588,7.58e-6,1.4e-5,0.002714163,0.003335367,0.037153077,0.023792192,0.00344924,7.64e-5,6.54005e-4,3.92906e-4,3.88641e-4,8.64241e-4,2.69e-5,0.002618776,1.58986e-4,1.38011e-4,0.002112418,4.2e-5,3.91486e-4,1.01e-6,0.001007627,5.2944e-4,2.67424e-4,4.84509e-4,3.2e-5,1.48551e-4,5.80531e-4,2.98845e-4,1.31157e-4,1.27842e-4,1.82346e-4,6.22e-5,1.13963e-4,1.313e-4,1.08444e-4
control,0.226495625,0.126820432,4.66e-5,0.008972613,3.56457e-4,4.94e-6,0.016064931,0.062644783,1.04e-6,0.004156951,0.013596315,0.019589098,2.3407e-4,0.007889198,0.004605076,1.2653e-4,1.28e-5,9.88082e-4,7.58618e-4,0.001635325,1.2702e-4,8.79609e-4,1.07298e-4,6.34744e-4,5.2941e-4,1.47584e-4,5.7442e-4,1.05937e-4,9.88516e-4,0.001625897,9.25514e-4,0.001182751,1.02024e-4,2.67428e-4,8.53988e-4,3.35445e-4,4.66645e-4,2.48635e-4,3.36465e-4,1.22863e-4,2.69431e-4,2.222e-4,2.55421e-4
control,0.00460451,0.080531971,0.070135752,0.004832871,3.22126e-4,0.033988067,0.018675292,0.011799576,2e-6,4.5e-6,0.004910635,0.005576863,0.011363657,5.95067e-4,0.004380376,4.51e-5,1.7166e-4,1.91415e-4,4.62021e-4,0.004627644,4.21e-5,1.34943e-4,9.42e-6,1.04371e-4,3.67912e-4,2.34e-5,4.07e-5,1.67e-5,1.5969e-4,3.67433e-4,3.02343e-4,2.24098e-4,4.9958e-4,2.77282e-4,2.13093e-4,0.001534193,1.982e-4,1.23122e-4,8.06e-5,1.3772e-4,5.24e-5,9.9e-5,3.04e-5
hyper,0.319878599,0.160334779,1.82303e-4,0.00410682,0.002882483,8.33e-5,0.017709314,0.032638249,7.34e-6,5.43e-6,0.005431594,0.01232815,0.004038987,0.00337177,0.003675321,3.5e-5,1.99549e-4,0.002325951,9.38312e-4,0.001456909,1.13513e-4,1.95069e-4,1.17513e-4,7.54182e-4,5.37697e-4,1.04024e-4,5.72e-5,8.16104e-4,6.52545e-4,0.001501297,9.12877e-4,6.05456e-4,8.17e-5,1.93546e-4,0.001006086,5.65698e-4,5.25223e-4,1.75694e-4,3.27577e-4,1.72075e-4,5.62092e-4,2.5104e-4,2.5613e-4
hyper,0.142675515,0.074677038,1.60664e-4,0.005277396,0.012427535,3.79e-6,0.074544007,0.027827401,3.39e-5,6.06e-5,0.041116539,0.008298996,0.00497734,0.005172813,0.004490417,8.86e-5,0.001663552,0.00281543,0.001850747,0.004498809,6.71992e-4,4.40896e-4,2.37427e-4,0.001357093,3.11074e-4,1.59625e-4,0.002756392,0.002615945,0.002834688,0.003856848,0.001388494,0.001508483,5.42077e-4,3.70568e-4,0.001235748,0.001015103,4.44332e-4,0.001094323,6.90282e-4,5.9917e-4,4.70548e-4,5.59527e-4,4.25243e-4
control,0.059727671,0.137220219,2.81347e-4,0.004506424,0.005051701,4.26e-6,0.016734406,0.062567692,6.59e-6,6.6e-5,0.016868308,0.011732312,0.004561632,0.001336054,0.003056906,7.06e-5,8.27182e-4,5.1986e-4,9.75039e-4,0.003396416,1.46851e-4,2.56043e-4,2.09426e-4,0.001209661,0.003468345,2.39843e-4,0.004257965,1.819e-4,4.6779e-4,0.002344514,0.001622746,5.37537e-4,1.30466e-4,1.30612e-4,0.001299357,7.22711e-4,3.43078e-4,7.46e-5,3.83086e-4,8.8e-5,2.46874e-4,4.22109e-4,2.53965e-4
control,0.013046403,0.101862295,1.03e-5,0.003632759,5.49065e-4,1.09e-5,0.043396859,0.063094828,5.04e-6,6.49e-6,0.021667977,0.007774654,0.014684413,0.002394064,0.004738121,6.33e-5,2.9514e-4,0.001467104,0.001320181,0.004258824,2.58412e-4,1.9141e-4,2.67783e-4,0.001207722,0.001779433,2.378e-4,1.26824e-4,5.04e-5,9.77308e-4,0.003827582,0.001478584,9.93556e-4,1.53558e-4,3.15845e-4,0.001885784,9.51176e-4,0.001276693,3.82432e-4,3.37152e-4,4.17507e-4,4.51662e-4,4.83042e-4,2.96501e-4
control,0.364655291,0.027230573,0.26507505,0.001889571,0.00262388,5.41816e-4,0.007842129,0.005413091,9.74e-7,6.84e-6,0.002746372,0.001328932,4.04052e-4,9.47797e-4,0.002485143,2.50555e-4,6.61e-5,1.83211e-4,2.20431e-4,4.34281e-4,4.53e-5,5.07e-5,2.02262e-4,1.53414e-4,4.09733e-4,8e-5,1.47785e-4,2.01e-5,2.27784e-4,3.11045e-4,1.80269e-4,5.81819e-4,1.66e-5,2.86697e-4,1.52513e-4,9.27e-5,7.75e-5,6.78e-5,6.71e-5,1.17436e-4,7.96e-5,6e-5,2.82e-5
hyper,0.604647442,0.038825552,1.6e-5,0.008315806,0.009089247,4.57e-6,0.007865773,0.00424854,2.54e-6,4.53e-6,0.001765423,0.005050503,2.56e-5,0.003760333,0.002041276,3.8e-5,1.79e-5,6.99879e-4,2.177e-4,1.90966e-4,3.38e-5,8.43e-5,1.70761e-4,2.6002e-4,4.7331e-4,8.93e-5,7.73e-6,2.87e-7,0.001588565,2.83314e-4,1.10392e-4,1.61652e-4,3.5e-5,1.35028e-4,2.38551e-4,4.47715e-4,1.02193e-4,7.07e-5,9.75e-5,6.88e-5,1.36527e-4,4.66e-5,1.40954e-4
control,0.167030518,0.119131259,7.09182e-4,0.010920022,0.001587699,3.6949e-4,0.022394383,0.009086789,6.12e-6,6.28744e-4,0.004036429,0.010332378,0.005358679,0.002568954,0.003517711,5.14e-5,3.62964e-4,0.002714301,4.29458e-4,5.5454e-4,9.61e-5,1.61606e-4,2.42944e-4,4.77491e-4,3.57646e-4,7.89e-5,5.04e-5,1.05567e-4,5.31387e-4,8.02832e-4,5.67347e-4,4.7594e-4,3.88e-5,1.05471e-4,5.65457e-4,2.32449e-4,3.40255e-4,2.09469e-4,2.36849e-4,1.05242e-4,1.58937e-4,2.15779e-4,1.09816e-4
control,0.120059113,0.020378278,0.00578641,0.010025106,3.01634e-4,1.30598e-4,0.019979863,0.022757341,0.001439685,1.23e-5,0.003642454,0.003575649,0.003288418,0.001818498,0.002878815,2.26e-5,4.28069e-4,7.95794e-4,3.78482e-4,0.001371221,1.55729e-4,7.49e-5,1.47796e-4,0.001017333,7.51034e-4,1.20218e-4,0.004222752,1.83e-5,0.001075245,0.001138768,5.40051e-4,4.45079e-4,8e-5,6.29004e-4,5.16476e-4,2.89396e-4,1.8133e-4,4.10593e-4,1.97083e-4,1.80465e-4,4.63846e-4,2.10133e-4,1.80812e-4
control,0.64996432,0.019371111,3.46e-5,0.001412414,0.002037714,0.007905711,0.005851479,0.007052215,5.2e-7,1.31568e-4,0.001641347,0.002749139,0.001783634,6.94224e-4,7.91868e-4,1.47e-5,3.8e-5,1.82534e-4,7.32e-5,2.65152e-4,4.34e-5,2.84e-5,6.39643e-4,2.5511e-4,5.43e-5,2.41e-5,5.68e-5,2.18e-5,1.88098e-4,1.82291e-4,1.25397e-4,1.28475e-4,8.03e-6,5.585e-4,1.51825e-4,7.51e-5,6.1e-5,6.33e-5,5.87e-5,3.2e-5,7.15e-5,1.3439e-4,4.82e-5
hyper,0.001753433,0.036187137,6.73e-5,0.022327677,0.004108708,6.23e-6,0.032449071,0.041992353,0.026795401,0.012193563,0.027159336,0.003669258,0.006649239,0.004726343,0.004904593,3.27e-5,4.56964e-4,0.001626758,6.29273e-4,0.001030694,3.17077e-4,2.76837e-4,1.68357e-4,0.0011346,6.24902e-4,1.21719e-4,1.84222e-4,7.36e-5,0.001730463,0.001469228,0.002191094,6.20386e-4,2.41749e-4,2.09106e-4,0.001006713,8.01308e-4,3.04446e-4,3.87422e-4,2.43428e-4,3.00831e-4,2.19355e-4,3.08336e-4,1.87593e-4
hyper,0.154989548,0.110318189,5.45e-5,0.014396073,5.06954e-4,3.49e-6,0.023545497,0.038983108,0.001417537,1.6e-5,0.045777537,0.015570595,0.004019863,0.00225637,0.005207746,4.31e-5,0.001010648,0.001032933,7.54739e-4,0.002314005,3.15764e-4,1.56421e-4,1.72464e-4,0.01070941,3.88006e-4,2.01582e-4,1.72859e-4,1.93741e-4,9.94021e-4,0.005750226,0.001232488,9.92918e-4,1.14556e-4,3.31204e-4,0.001134611,7.79294e-4,7.30081e-4,6.55104e-4,6.82854e-4,2.50603e-4,3.62832e-4,3.49347e-4,3.28268e-4
control,0.001174405,0.143394524,0.076232767,0.011420733,2.92315e-4,2.94181e-4,0.019046589,0.007608247,1.05e-5,7.12181e-4,0.013333015,0.007787163,6.90651e-4,0.007365068,0.003760564,2.51e-5,1.38e-5,0.008513627,6.47112e-4,6.85066e-4,3.04613e-4,2.0386e-4,9.68e-5,0.001391008,1.65626e-4,4.7e-5,2.89566e-4,1.11476e-4,0.001952617,0.001032968,2.97714e-4,5.85081e-4,1.48146e-4,7.73e-5,3.3569e-4,5.07287e-4,2.28698e-4,5.04995e-4,4.47757e-4,3.33411e-4,3.3557e-4,1.67955e-4,1.87713e-4
control,0.003317066,0.180812337,6.45e-6,0.023042657,0.007217807,7.35e-7,0.055449075,0.03004852,1.38e-6,3.80515e-4,0.008962813,0.022186141,1.87e-5,0.012647818,0.006207303,1.06685e-4,1.66e-5,0.005756647,0.001067587,0.001422158,3.92986e-4,0.001566669,1.23817e-4,0.001235689,4.21705e-4,1.63756e-4,1.13556e-4,4.87e-5,0.00128583,0.001941886,7.23046e-4,0.001367752,9.3e-5,1.6397e-4,7.47895e-4,7.76344e-4,3.72419e-4,5.05792e-4,0.001055498,2.31335e-4,3.8935e-4,2.57636e-4,4.50877e-4
control,0.0028349,0.124309432,1.73e-7,0.005401573,0.007329999,1.57e-5,0.01279746,0.05116521,1.25e-5,0.008395041,0.01580278,0.026755311,0.011053711,0.001754243,0.003409699,9.07e-5,0.002718956,9.1076e-4,0.001546185,0.001362336,2.01669e-4,3.32278e-4,9.47e-5,6.54348e-4,9.7225e-4,1.25273e-4,1.15896e-4,3.57e-5,7.52407e-4,0.001986686,0.001645601,5.03139e-4,4.69e-5,2.86962e-4,8.87908e-4,5.1192e-4,4.88501e-4,2.06871e-4,3.86715e-4,1.40154e-4,3.67225e-4,2.70349e-4,2.49866e-4
hyper,0.528335209,0.046377065,0.103487502,0.001595749,9.64e-5,3.88781e-4,0.00657125,0.006094603,1.59e-6,0.001987871,0.003143324,0.001676601,9.55629e-4,3.95254e-4,0.001174075,6.47e-5,1.5e-5,2.70296e-4,3.0103e-4,2.88557e-4,7.58e-5,7.78e-5,5.03745e-4,1.74256e-4,9.19e-5,4.3e-5,3.18e-5,9.42e-6,1.97029e-4,3.09397e-4,1.97574e-4,2.08405e-4,1.46e-5,1.22156e-4,1.70769e-4,1.01715e-4,9.08e-5,5.27e-5,8.16e-5,9.24e-5,8.35e-5,9.46e-5,5.1e-5
hyper,0.393095749,0.025414554,0.007164107,0.029153402,3.02901e-4,0.003032487,0.019390021,0.015907486,4.3e-6,9.49e-7,0.007931905,0.005234548,0.001793461,0.00178048,0.002392702,1.33636e-4,1.97114e-4,6.96933e-4,4.38212e-4,3.16769e-4,5.83e-5,9.76e-5,1.14224e-4,3.35076e-4,3.17702e-4,3.25e-5,4.69e-5,5.28e-5,3.73941e-4,4.54273e-4,3.31801e-4,3.29052e-4,2.31e-5,1.44865e-4,2.95742e-4,1.40002e-4,1.59933e-4,1.35692e-4,1.02459e-4,5.13e-5,1.78723e-4,1.28611e-4,8.9e-5
hyper,0.427881751,0.07037781,0.001836152,0.014299675,4.26577e-4,1.27e-5,0.018164655,0.006350243,1.37e-6,4.69e-6,0.012392554,0.00580768,0.001300741,0.00746902,0.003261269,0.001266472,1.02932e-4,0.003057615,7.90199e-4,4.19451e-4,1.63237e-4,3.57733e-4,5.52e-5,4.93426e-4,1.36192e-4,3.73059e-4,1.50887e-4,9.79e-6,0.001994032,0.00153976,2.49469e-4,7.16888e-4,6.15e-5,1.75955e-4,2.45732e-4,2.3453e-4,8.53e-5,2.93609e-4,2.30662e-4,9.62e-5,1.52981e-4,1.26487e-4,1.30186e-4
hyper,0.267888398,0.060063604,4.6117e-4,0.020539799,4.58556e-4,7.19074e-4,0.04185262,0.019201945,1.14e-5,0.002195494,0.031059527,0.00560666,3.57529e-4,0.006196187,0.004089099,3.91e-5,0.002820438,0.0055371,4.76258e-4,0.002364578,2.63847e-4,1.76719e-4,1.52344e-4,0.001835405,4.54667e-4,1.02861e-4,1.81703e-4,0.002378699,0.002260879,0.002555657,8.20545e-4,6.32721e-4,3.44165e-4,6.93334e-4,6.4596e-4,7.95202e-4,3.57254e-4,7.04583e-4,4.50336e-4,3.03127e-4,4.98488e-4,4.57472e-4,3.01561e-4
hyper,0.627508009,0.019756889,5.26781e-4,0.014542888,9.76e-5,2.58297e-4,0.00740306,0.003508201,1.75e-6,1.3e-5,0.002762594,8.55652e-4,6.62608e-4,7.45458e-4,0.001064108,2.1e-5,6.35205e-4,0.002156447,2.95902e-4,3.56345e-4,0.00164091,5.34e-5,4.95e-5,3.57886e-4,1.3843e-4,1.66e-5,2.2271e-4,2.00072e-4,4.50119e-4,4.51203e-4,1.10633e-4,1.1726e-4,2.7e-5,5.60891e-4,1.29886e-4,1.12757e-4,4.62e-5,8.57e-5,8.15e-5,6.16e-5,6.28e-5,1.02094e-4,2.14895e-4
hyper,0.002460647,0.010955665,5.4e-7,0.002244321,1.11763e-4,3.64e-7,0.011198761,0.002712893,1.67e-7,4.16e-5,0.002078052,0.040229315,1.09e-5,9.23728e-4,0.008985398,1.95e-5,1.19e-5,3.00764e-4,7.37761e-4,4.64703e-4,4.65e-5,2.12454e-4,3.54e-5,2.18659e-4,0.001754965,3.33e-5,5.21143e-4,2.33e-6,0.001028207,6.86585e-4,3.37695e-4,5.95612e-4,2.08e-5,4.73996e-4,5.52952e-4,3.04673e-4,7.29e-5,1.13052e-4,1.11302e-4,1.02136e-4,1.33099e-4,1.48619e-4,6.22e-5
control,0.00125547,0.155566848,0.004784871,0.039148855,0.002875029,0.010447458,0.035344769,0.041712541,1.65e-7,2.38e-6,0.010022216,0.033468809,5.04e-6,0.004032573,0.008102852,8.87e-5,6.63e-5,8.26701e-4,0.00102179,0.001082969,1.5442e-4,1.07212e-4,9.46e-5,9.25756e-4,4.08906e-4,0.007841678,1.02574e-4,1.68e-5,0.001128043,0.001514165,8.09096e-4,9.19508e-4,4.02e-5,1.18388e-4,6.58662e-4,3.36101e-4,4.1169e-4,2.89221e-4,4.90209e-4,1.12842e-4,5.04022e-4,2.03959e-4,2.97292e-4
hyper,0.002198386,2.69624e-4,8.07051e-4,4.53e-5,1.53e-5,1.3798e-4,4.44095e-4,7.28e-5,2.53e-7,7.33e-7,6.88e-5,1.88265e-4,6.94e-6,1.37095e-4,0.007798713,0.001415055,7.95e-7,5.15e-6,2.28e-6,2.39e-5,2.46e-5,2.7e-5,1.35e-6,7.56e-6,1.22734e-4,5.69e-7,5.25e-6,2.56e-7,9.61e-6,1.07e-5,1.28e-5,4.14e-5,2.18e-6,1.58284e-4,1.24e-5,1.03e-5,3.72e-5,1.09e-5,2.45e-6,1.48e-6,1.82e-6,2.42e-5,1.1e-6
hyper,0.01073753,0.00508701,2.402e-4,3.36191e-4,0.003396678,1.17548e-4,0.007174952,0.002929719,2.65e-5,2.95e-5,0.001089026,6.92308e-4,0.015407174,5.06834e-4,0.009502313,1.52094e-4,0.001077562,1.37161e-4,1.38497e-4,2.36025e-4,3.06e-5,7.19454e-4,1.16e-5,9.87e-5,3.33509e-4,1.69e-5,2.79e-5,4.1e-6,8.25e-5,2.26218e-4,8.42e-5,2.30244e-4,1.61e-5,7.22525e-4,1.58832e-4,1.00442e-4,7.31e-5,6.68e-5,1.66121e-4,1.26213e-4,3.28e-5,3.46e-5,2.07e-5
control,0.410504816,0.014606671,3.81e-5,0.006766139,6.82e-5,1.03e-5,0.01777368,0.013227755,1.98035e-4,1.69e-6,0.003190434,0.003123098,0.00795611,0.001468347,0.001781241,1.32e-5,0.003917992,0.00134022,2.01431e-4,7.29458e-4,1.33445e-4,4.71e-5,7.99e-5,3.90345e-4,2.40222e-4,3.87e-5,3.21485e-4,2.89e-5,5.86965e-4,5.09957e-4,4.61578e-4,1.90181e-4,4.78e-5,7.30256e-4,2.73873e-4,2.10873e-4,1.73302e-4,1.3526e-4,8.09e-5,8.59e-5,1.08674e-4,2.13814e-4,5.65e-5
hyper,0.178149326,0.211979939,1.92e-5,0.003351807,2.58353e-4,3.49678e-4,0.017351909,0.020011146,0.001825508,4.13445e-4,0.003597914,0.00329616,0.004555168,0.001442787,0.002815164,5.15e-5,0.00155401,0.001786292,6.81485e-4,0.001440926,1.44674e-4,1.52824e-4,1.87034e-4,5.64718e-4,5e-4,9.52e-5,2.67e-5,8.58324e-4,3.97285e-4,0.001251127,8.3855e-4,6.92613e-4,7.04e-5,1.58196e-4,6.79659e-4,4.99071e-4,2.40013e-4,1.43271e-4,2.48238e-4,2.14989e-4,2.121e-4,1.80866e-4,1.8363e-4
hyper,0.003630269,0.153420163,9.39e-7,0.027551396,0.001920068,4.74e-7,0.026495751,0.001916469,4.3e-6,5.35e-7,0.002231278,0.001700175,0.004293126,0.008088171,0.005250656,6.04e-5,5.5e-5,5.21978e-4,2.18487e-4,6.65083e-4,2.21372e-4,5.15125e-4,2.29e-5,5.29954e-4,3.53303e-4,2.47e-5,1.52722e-4,3.2e-6,0.001218916,5.41112e-4,2.01111e-4,4.9736e-4,4.14e-5,2.61617e-4,2.54738e-4,1.20807e-4,6.11313e-4,5.78164e-4,2.00217e-4,7.47e-5,4.75238e-4,1.27416e-4,1.17165e-4
control,0.005059021,0.090582605,3.26975e-4,0.037613123,0.001195782,2.2e-5,0.043993404,0.002749164,0.003804551,3.75e-6,0.017646851,7.27958e-4,0.001818858,0.017290903,0.020104619,0.00125017,2.71e-5,0.004476006,8.79043e-4,6.15039e-4,1.07276e-4,1.32643e-4,6.33e-5,3.92388e-4,3.99481e-4,1.27e-5,4.17e-5,1.28e-5,0.001155904,7.8115e-4,1.83075e-4,6.73841e-4,2.84e-5,6.22086e-4,3.13737e-4,7.53e-5,2.79229e-4,5.87582e-4,2.54036e-4,7.65e-5,3.57168e-4,1.28757e-4,7.64e-5
hyper,0.001742516,0.04452949,3.48981e-4,0.046415985,3.67147e-4,1.31e-5,0.039856883,0.002655253,5.49e-6,1.13e-6,0.033009691,0.006328545,1.34e-5,0.00544382,0.006389132,8.64e-5,1.51e-5,0.002328023,6.5924e-4,3.63031e-4,6.98013e-4,9.82e-5,8.18e-5,0.001243585,2.67561e-4,2.8e-5,2.53388e-4,4.9e-6,0.001985711,6.93104e-4,1.06733e-4,0.001554591,2.86459e-4,2.161e-4,2.98005e-4,3.22812e-4,1.37363e-4,6.837e-4,1.48031e-4,1.66486e-4,2.80506e-4,1.68273e-4,2.10731e-4
hyper,0.003036415,0.041673531,7.01e-6,0.009174497,0.005647816,1.32e-6,0.023803092,0.016731079,3.77e-6,0.009145371,0.003761718,0.003086656,0.004813882,0.005322108,0.004320963,6.62e-5,1.99017e-4,5.15402e-4,3.17905e-4,5.7771e-4,7.14e-5,2.20053e-4,1.35736e-4,5.74963e-4,1.73119e-4,1.69277e-4,7.41e-5,6.19e-5,6.71701e-4,9.54968e-4,3.53904e-4,5.15837e-4,4.93e-5,1.52177e-4,3.19946e-4,2.99964e-4,2.1205e-4,0.00024173400000000001,2.23539e-4,8.23e-5,1.99249e-4,1.12742e-4,9.52e-5
control,0.003719948,0.167563865,0.006799357,0.009917471,0.004748995,1.55e-5,0.012103029,0.037177921,4.08e-6,1.46e-5,0.005198369,0.006911882,0.006945281,0.003554337,0.003463155,1.65525e-4,4.02593e-4,7.09184e-4,9.72726e-4,7.99014e-4,1.12206e-4,1.71633e-4,3.03945e-4,4.16809e-4,7.5492e-4,6.16e-5,3.72717e-4,7.23e-6,4.17698e-4,9.98199e-4,6.66579e-4,7.14048e-4,2.6e-5,1.28229e-4,6.38649e-4,2.66843e-4,3.91366e-4,2.47285e-4,1.69552e-4,6.51e-5,2.14929e-4,2.07402e-4,1.32788e-4
control,0.006532999,0.085871739,0.020190108,0.024615559,0.001642748,4.83e-5,0.029390085,0.014050423,3.6e-6,0.002075966,0.021216106,0.010964884,0.002782883,0.00307615,0.003471812,1.76e-5,0.003904333,0.001499647,3.59843e-4,7.00983e-4,1.26408e-4,1.55652e-4,5.16e-5,8.54144e-4,2.04617e-4,5.86e-5,2.06475e-4,1.75e-5,0.001932925,0.001078805,7.5499e-4,4.34601e-4,1.22046e-4,3.14547e-4,4.31808e-4,3.39911e-4,2.81657e-4,3.44159e-4,3.04898e-4,2.22977e-4,1.60842e-4,1.51478e-4,1.72584e-4
control,0.354379192,0.090224367,1.14885e-4,0.016749234000000002,2.24616e-4,1.53e-6,0.014578201,0.014559363,1.49e-5,2.16e-5,0.014253609,0.003022989,0.001484329,0.0027252,0.002754848,2.12e-5,6.76e-5,0.002073211,2.78668e-4,5.80575e-4,3.3695e-4,2.49801e-4,1.14116e-4,9.16724e-4,1.80415e-4,4.23e-5,2.68869e-4,1.03071e-4,0.001530762,0.002119283,2.60562e-4,5.73535e-4,1.66722e-4,5.9102e-4,3.17806e-4,3.47612e-4,2.76957e-4,4.36065e-4,2.8996e-4,1.47039e-4,2.09934e-4,2.03751e-4,2.25024e-4
control,0.635553558,0.042208806,4.18e-5,0.008918632,9.97529e-4,4.76e-5,0.015642017,0.004085583,6.87248e-4,3.88e-5,0.001721714,0.00269322,7.34446e-4,0.002119278,0.003119512,0.001315603,3.5981e-4,3.61215e-4,5.89886e-4,5.99191e-4,2.21051e-4,6.28e-5,3.37e-5,2.65289e-4,7.91e-5,6.76e-5,9.11e-5,4.02e-6,5.70266e-4,3.25643e-4,1.55231e-4,3.69194e-4,1.98e-5,0.002801795,1.52565e-4,1.12338e-4,1.01674e-4,1.33573e-4,1.06278e-4,4.3e-5,1.62904e-4,7.33e-5,5.68e-5
control,0.002273898,0.008387006,0.001384245,0.007917358,2.49e-4,4.57335e-4,0.018823227,0.024514368,1.09e-5,1.52e-6,0.009428296,0.007940504,0.024285496,0.002102879,0.00227731,1.43e-5,2.32562e-4,2.73012e-4,2.71404e-4,7.11031e-4,5.59e-5,2.7085e-4,5.79e-5,2.83614e-4,7.58452e-4,1.37062e-4,3.44e-5,2.27354e-4,3.6465e-4,8.88258e-4,5.28291e-4,3.53254e-4,2.83e-5,2.82452e-4,4.79e-4,3.65461e-4,3.21306e-4,1.19807e-4,1.26934e-4,5.15e-5,7.47e-5,1.8617e-4,9.65e-5
hyper,0.31401052,0.075230314,2.45277e-4,0.016147858,2.23187e-4,3.20685e-4,0.020002668,0.027050354,4.39e-6,1.1e-6,0.004670662,0.005264738,4.27154e-4,0.001723843,0.004677581,2.57e-5,4.46e-5,3.91341e-4,6.65177e-4,6.1332e-4,5.51e-5,4.45127e-4,2.64778e-4,4.1246e-4,8.16725e-4,1.07311e-4,8.21e-5,2.22e-5,0.001025787,7.29525e-4,4.24461e-4,4.39559e-4,4.26e-5,4.46912e-4,3.95273e-4,1.60085e-4,3.80817e-4,1.62659e-4,1.21054e-4,1.2972e-4,1.34867e-4,1.48722e-4,7.6e-5
control,0.410495619,0.072323379,8.47979e-4,0.003514912,2.1853e-4,0.001665446,0.014944129,0.001086307,2e-6,5.25e-7,0.004895735,0.002081261,2.12071e-4,0.006107438,0.002319214,2.69e-5,8.75e-6,9.09069e-4,3.5712e-4,1.9303e-4,1.56874e-4,1.54437e-4,4.96e-5,4.69445e-4,1.50993e-4,2.72e-5,4.86e-5,1.95e-6,0.001937474,3.03171e-4,5.35e-5,3.37294e-4,2.76562e-4,0.001926563,8.23e-5,1.86359e-4,1.35199e-4,3.92319e-4,1.80055e-4,2.13412e-4,1.77863e-4,8.61e-5,7.8e-5
hyper,0.526153385,0.045992539,3.65e-5,0.007212592,8.28915e-4,4.59e-6,0.016482951,0.023957195,1.93e-6,3.05e-6,0.009125729,0.003442819,0.002343986,0.001127721,0.002424583,2.48e-5,2.5674e-4,0.002673487,6.62024e-4,0.00126626,9.34e-5,1.50838e-4,1.60684e-4,3.98009e-4,3.2975e-4,1.46883e-4,1.81252e-4,7.52e-6,8.03937e-4,8.02701e-4,5.96898e-4,5.15614e-4,3.94e-5,2.46429e-4,4.76923e-4,1.75104e-4,2.15689e-4,1.96155e-4,1.43017e-4,1.07076e-4,1.30999e-4,1.26296e-4,1.44944e-4
control,0.001103181,0.232979637,1.88e-5,0.007263913,2.9176e-4,1.01e-6,0.021328115,0.009594102,2.59e-6,1.51e-5,0.003593144,0.004622184,0.014663328,0.023470664,0.010180238,6.69e-5,2.51751e-4,4.82068e-4,4.44483e-4,0.001083667,3.67e-5,0.00159096,9.66e-5,2.96801e-4,0.003104652,8.27e-5,5.14332e-4,1.03e-6,0.001282561,7.82582e-4,4.1578e-4,7.19635e-4,4.68e-5,1.3687e-4,7.69467e-4,3.00603e-4,1.95361e-4,3.54078e-4,2.23662e-4,1.08428e-4,2.0118e-4,2.096e-4,1.18332e-4
control,0.520451071,0.006660872,0.003668219,0.00707055,1.00425e-4,6.16e-6,0.012518887,0.002297549,1.11705e-4,4.06627e-4,0.002334306,5.74289e-4,0.001756953,0.001602527,0.001818426,2.91e-6,2.04184e-4,0.003497618,3.77e-5,1.83744e-4,1.34465e-4,1.91055e-4,1.89e-5,5.83124e-4,1.34687e-4,1.32e-5,1.05826e-4,5.32e-6,4.51471e-4,6.49098e-4,1.42811e-4,2.32595e-4,4.14e-5,0.00113419,7.76e-5,1.9282e-4,5.68e-5,1.39271e-4,9.44e-5,6.11e-5,7.63e-5,3.47625e-4,6.87e-5
hyper,0.314952278,0.001992783,8.79e-5,0.008891432,8.07589e-4,2.84e-5,0.019070351,1.80704e-4,1.9e-6,3.69e-6,0.001436072,1.41313e-4,3.61048e-4,0.002237543,0.00198078,6.14e-5,1.16954e-4,0.001763173,5.77e-5,9.98e-5,6.18e-5,1.8e-5,1.31e-5,2.7691e-4,3.53118e-4,7.34e-6,0.001071253,3.56e-6,0.002622852,1.16388e-4,3.8e-5,3.39541e-4,2.42729e-4,0.001214907,9.81e-5,4.89e-5,8.24e-5,1.47165e-4,6.01e-5,1.36437e-4,8.72e-5,1.71873e-4,8.59e-5
hyper,0.003659668,0.019465884,0.022904443,0.003743437,5.18e-5,5.39e-5,0.01302141,5.77525e-4,1.5e-5,1.18e-7,7.07573e-4,6.82e-5,0.002641004,0.00124808,0.003836519,3.93e-6,6.04e-5,1.8662e-4,8.17e-5,1.09585e-4,3.43e-5,7.74e-5,1.33e-5,2.18481e-4,8.0999e-4,2.97e-7,9.45266e-4,1.1e-6,4.11834e-4,9.55e-5,3.44e-5,1.98772e-4,8.5e-5,3.27716e-4,1.05879e-4,8.13e-5,1.72e-5,2.09959e-4,7.07e-5,6.19e-5,7.55e-5,7.12e-5,2.9e-5
hyper,0.333183863,0.061043173,3.14455e-4,0.027181437,0.012037823,5.63341e-4,0.028773055,0.003528836,7.5e-6,2.04191e-4,0.024628323,0.003817391,3.8e-5,0.007466009,0.00418836,1.24938e-4,2.19e-5,0.003131696,1.07901e-4,2.86121e-4,4.16903e-4,6.44e-5,1.27838e-4,0.001250176,9.75e-5,4.93e-5,0.003318548,7.42e-6,0.002136179,6.73242e-4,9e-5,0.001523115,2.94062e-4,3.8781e-4,1.62977e-4,2.51663e-4,1.0011e-4,5.30451e-4,1.97475e-4,1.62784e-4,2.32936e-4,1.46566e-4,1.97483e-4
control,0.280439755,0.025198998,1.20881e-4,0.030237807,4.40344e-4,1.36e-5,0.033630033,0.015290192,1.25e-6,6.93473e-4,0.00932905,0.002789451,0.001796085,0.00290637,0.005290373,2.53e-5,6.46e-5,0.001081012,2.97585e-4,0.001324599,2.16722e-4,1.28311e-4,1.22239e-4,0.00163952,2.05558e-4,1.19197e-4,3.28496e-4,5.2e-5,0.002196707,0.001765261,5.50556e-4,6.36563e-4,2.0599e-4,3.14622e-4,7.18455e-4,9.05155e-4,5.2182e-4,7.3212e-4,3.54858e-4,5.06493e-4,4.92817e-4,3.665e-4,2.84089e-4
hyper,0.002339902,0.060022706,0.002787047,0.016797361,2.48622e-4,3.32e-5,0.035284993,0.012001184,0.087934004,3.40695e-4,0.014757514,0.002549153,0.008397514,0.002133221,0.003194119,1.68e-5,1.75348e-4,9.11888e-4,3.6482e-4,5.49436e-4,2.53743e-4,2.5019e-4,1.37364e-4,0.001093902,3.52671e-4,7.20447e-4,3.86786e-4,3.61068e-4,9.8365e-4,0.002699219,4.24298e-4,6.05619e-4,0.001561239,2.93286e-4,3.40015e-4,4.8632e-4,2.25005e-4,4.10897e-4,2.78604e-4,2.2995e-4,2.1727e-4,2.37151e-4,1.17928e-4
control,0.001426321,0.059118215,0.108431135,0.001458235,0.001784633,0.114296442,0.004696371,3.00596e-4,2.52e-7,6.86e-7,0.002059131,0.001945553,1.75e-6,0.004747965,0.001180125,3.42e-5,7.96e-6,2.20819e-4,9.87e-5,1.30418e-4,7.1e-5,2.83e-5,1.27e-5,2.16854e-4,7.21e-5,4.64e-5,0.008664879,3.76e-6,7.58788e-4,1.50081e-4,1.04848e-4,4.71576e-4,5.28e-5,9.67e-5,3.58e-5,6e-5,7.96e-5,1.79804e-4,7.23e-5,4.72e-5,1.15103e-4,8.65e-5,3e-5
hyper,0.00163364,0.007604518,5.65e-5,0.017578265,2.59553e-4,3.86e-5,0.033639105,4.80818e-4,4.77e-5,3.04e-7,0.008950802,1.93567e-4,8.13e-5,0.002149928,0.03081115,2.47e-6,1.26294e-4,4.0405e-4,1.06182e-4,2.11117e-4,1.38647e-4,8.45e-5,2.17957e-4,8.11083e-4,1.85949e-4,1.4e-5,0.002904329,2.33e-6,0.001103461,3.83103e-4,4.4e-5,4.37288e-4,1.07281e-4,1.71554e-4,1.53362e-4,1.74209e-4,6.44e-5,5.17587e-4,1.37158e-4,1.15115e-4,2.40227e-4,1.21172e-4,1.00161e-4
control,0.00407719,0.035357759,3.57e-5,0.02711342,7.50412e-4,4.58e-6,0.09217247,7.70874e-4,1.33e-5,2.52e-6,0.005264521,4.52167e-4,2.5e-5,0.00895818,0.009585114,1.43e-5,1.29e-5,0.002249907,2.66955e-4,2.76572e-4,4.21494e-4,7.68e-5,3.28e-5,0.001118285,1.11944e-4,1.35e-5,4.95192e-4,5.67e-6,0.00651646,4.24879e-4,9.18e-5,7.89301e-4,0.003192279,2.16627e-4,2.18288e-4,3.28756e-4,1.18087e-4,0.001110302,3.00796e-4,4.24259e-4,3.6534e-4,9.25e-5,2.38173e-4
hyper,0.002997781,9.05e-5,1.77e-5,2.44546e-4,4.68e-5,5.59e-6,0.011385908,4.07719e-4,8.69e-6,2.68e-7,3.94461e-4,1.64057e-4,0.002467858,7.52779e-4,0.011731559,1.27e-5,8.62e-5,1.23279e-4,3.26021e-4,7.25e-5,8.02e-5,9.35e-5,2.67e-5,1.93197e-4,1.98866e-4,3.47e-6,1.36051e-4,0,2.95079e-4,1.77701e-4,1.27e-5,1.4638e-4,6.23e-5,4.29148e-4,3.47e-5,7.78e-5,2.27e-5,8.95e-5,2.79e-5,9.84e-5,1.22682e-4,5.55e-5,1.15e-5
control,0.004216136,9.20802e-4,0.01766354,0.02627281,3.04698e-4,0.010209394,0.046497035,4.32644e-4,1.28e-5,1.38e-7,0.001130804,1.50842e-4,0.001171104,0.00386676,0.006170258,1.28e-5,2.49e-5,7.72523e-4,8.02e-5,1.82771e-4,1.24089e-4,5.75e-5,2.85e-5,5.52061e-4,1.97757e-4,1.13e-6,0.001473472,6.15e-8,0.001165989,1.76899e-4,1.69e-5,4.36487e-4,9.89e-5,7.81174e-4,1.02978e-4,1.00216e-4,8.3e-5,7.08307e-4,1.35501e-4,1.07072e-4,1.5536e-4,5.59e-5,1.00706e-4
hyper,0.340683053,0.009465739,6.25e-6,0.008248468,3.07427e-4,2.28e-5,0.033647733,0.014314203,0.001932679,4.10922e-4,0.003402627,0.001548539,0.00197346,0.001712235,0.002835362,1.55e-5,3.9042e-4,0.001383117,1.9879e-4,0.001022702,1.69941e-4,3.04759e-4,6.92e-5,0.001149844,1.72128e-4,8.69e-5,0.001565433,3.8909e-4,7.0903e-4,9.26383e-4,4.2505e-4,3.97198e-4,1.13467e-4,0.001125738,4.76324e-4,4.26579e-4,2.65771e-4,4.04126e-4,2.34674e-4,2.85851e-4,1.65141e-4,2.23179e-4,1.16262e-4
hyper,0.004429755,0.072829716,3.45764e-4,0.084287489,0.003510301,5.18e-7,0.021926717,0.002589145,1.17e-5,5.84e-6,0.010275495,0.002692985,3.67e-5,0.009377924,0.004825565,1.20172e-4,3.08058e-4,0.003222251,1.52519e-4,3.43454e-4,5.56219e-4,9.82e-5,3.69e-5,0.003089687,6.24e-5,4.04e-5,4.77725e-4,1.27e-5,0.003250384,0.001058926,1.03728e-4,0.001703223,4.7793e-4,1.98055e-4,9.41e-5,5.05548e-4,2.46495e-4,8.41389e-4,6.16577e-4,2.33773e-4,2.52191e-4,3.36822e-4,2.03186e-4
hyper,0.004368505,5.91396e-4,1.98e-5,5.37239e-4,0.004759449,8.44e-7,0.012719407,3.16678e-4,1.7e-5,4.07e-8,9.06586e-4,1.33974e-4,0.003356995,0.002826396,0.009435382,5.03e-5,7.39e-5,4.07463e-4,1.65007e-4,1.59828e-4,1.99654e-4,1.12627e-4,1.91e-5,1.61768e-4,1.85469e-4,1.29e-6,2.28093e-4,6.03e-8,0.002082396,1.31399e-4,1.33e-5,6.07998e-4,2.23058e-4,7.95185e-4,1.62035e-4,8e-5,7.71e-5,0.001126897,1.24959e-4,1.43611e-4,1.17069e-4,5.64e-5,5.69e-5
control,0.003167781,0.065438207,0.003121331,0.027170836,2.29643e-4,2.48e-5,0.018457881,0.00922324,0.028807645,7.5e-5,0.009503337,0.007801184,0.002741051,0.007987142,0.003903983,4.66e-5,6.39e-5,0.00184087,2.02536e-4,6.40181e-4,2.35478e-4,4.02987e-4,4.57e-5,9.31651e-4,2.06945e-4,6.23e-5,5.29022e-4,1.34275e-4,0.001965601,0.00424475,3.88288e-4,5.48323e-4,1.60736e-4,2.04154e-4,3.49794e-4,4.85944e-4,2.01578e-4,4.19097e-4,3.22849e-4,2.12671e-4,2.20554e-4,1.93301e-4,1.91208e-4
