target,BCAA_biosynthesis,BCAA_transport,Cellulose_binding,Fatty_acid_utilization,Fatty_acid_utilization_acyl,Glycan_utilization,LPS_biosynthesis,LPS_transport,Phenylalanine_biosynthesis,PTS,Purine_Metabolism,Secretion_System_typeII,Secretion_System_typeIII,Secretion_System_typeIV
hyper,0.05445916114790287,0.037240618101545254,7.50551876379691e-4,0,0,0.6308388520971302,0.009624724061810155,2.207505518763797e-5,0.06317880794701987,0.2034878587196468,0,2.207505518763797e-5,0,3.752759381898455e-4
hyper,0.048097959737462476,0.09173549514102064,8.988687821175991e-4,0.002340450791174126,0,0.247273714024049,0.006122483591404779,1.6959788341841495e-5,0.057374963960449776,0.5441548089479843,0,0.001679019045842308,0,3.052761901531469e-4
control,0.06419094018865969,0.031123665388203586,2.591479216336685e-5,0.004612833005079299,0,0.4594951798486576,0.010961957085104177,4.664662589406033e-4,0.13356483880999273,0.28796517051933246,0,0.007256141805742718,0,3.3689229812376904e-4
control,0.027031550757385555,0.0761151560800067,6.276675872457946e-5,0,2.0922252908193154e-5,0.4883253828772282,0.011486316846598042,2.9291154071470416e-4,0.07266298435015482,0.3238555527659218,0,4.184450581638631e-5,0,1.0461126454096577e-4
control,0.06904307661411788,0.07145295712420925,2.4098805100913746e-4,4.0164675168189576e-5,0,0.3916457475650166,0.015101917863239282,3.213174013455166e-4,0.10617531880710915,0.3449944773571644,0,4.4181142685008535e-4,0,5.422231147705593e-4
hyper,0.03807183136817346,0.03431742106691595,0,0.011142607279635716,0,0.3747022104279123,0.024169958686408734,7.991315099062151e-4,0.06917764844244745,0.4343807484695878,0,0.012680558487379753,0,5.578842616326407e-4
control,0.051554783741249256,0.10786707910493659,2.532515692552595e-4,0.003201823411298638,0,0.3135073533402073,0.014797127403628733,4.522349450986777e-4,0.07619254355022521,0.42804942023480036,0,0.0040158463124762575,0,1.0853638682368264e-4
control,0.03919289912923383,0.09925386960402877,0,3.0316810671517357e-4,0,0.4007208663870783,0.013642564802182811,5.052801778586226e-5,0.06277264076263621,0.38325501490576525,0,7.579202667879339e-4,0,5.052801778586226e-5
hyper,0.033008241159285474,0.1408700454935248,5.8138689844624354e-5,0.004447609773113763,1.4534672461156089e-5,0.27691457972994576,0.00861906076946556,1.4534672461156089e-4,0.10309443176698013,0.42622926992340227,0,0.006526067935059083,0,7.267336230578044e-5
hyper,0.04461426584846204,0.09391066940535575,0.003253256445913017,9.568401311508873e-4,1.2757868415345165e-5,0.37898523914624344,0.011903091231517038,6.378934207672581e-5,0.07010448694232167,0.39409055535001214,0,0.0011992396310424455,0,9.058086574895067e-4
control,0.04979341031888971,0.08655577921389977,0,3.575590634601123e-4,0,0.2874907299502066,0.008091429176819579,1.7215806759190592e-4,0.0667708443691069,0.5001986439241445,0,3.9728784828901365e-4,0,1.7215806759190592e-4
hyper,0.018615696495800752,0.031983782218360846,1.5059368664929046e-4,1.1584129742253114e-5,0,0.7071763683753258,0.006301766579785694,1.1584129742253114e-5,0.09516362583260933,0.14037648421662322,0,1.737619461337967e-4,0,3.475238922675934e-5
control,0.06538346634800052,0.0601340104989117,1.4937475993342153e-4,3.8410652554308393e-4,0,0.28987239127651404,0.016068456318552346,2.133925141906022e-5,0.08429004310528787,0.48312065212752336,0,5.121420340574453e-4,0,6.401775425718066e-5
control,0.061967213114754095,0.054310511089681775,4.8216007714561236e-4,9.064609450337512e-4,0,0.47494696239151396,0.008621022179363549,2.3143683702989392e-4,0.07940212150433944,0.31728061716489875,1.9286403085824492e-5,0.0013307618129218901,0,5.014464802314369e-4
hyper,0.056893910760110605,0.05329328214207563,4.973243947562116e-4,0.0013527223537368955,0,0.3910163321331238,0.01412401281107641,1.3925083053173924e-4,0.09081143448248423,0.3895243589488552,0,0.0020091905548150946,0,3.3818058843422386e-4
control,0.05424590693983128,0.05183563093383498,0,2.2045207371917345e-4,1.4696804914611564e-5,0.2850886217336351,0.0064225037476852535,8.818082948766937e-5,0.08140560242203344,0.5199729578789571,0,2.792392933776197e-4,0,4.2620734252373535e-4
control,0.037933547593161206,0.07066990047670821,0,0.0017204506624929807,1.1947574045090145e-5,0.19768456015006153,0.0090921038483136,2.150563328116226e-4,0.06614176991361904,0.6133048184566123,0,0.002640413863964922,0,5.854311282094171e-4
hyper,0.05081534704875242,0.05578321030621123,0,0.0012770495944315024,0,0.3251424401470712,0.008925313648993797,1.8243565634735748e-4,0.06998512447725168,0.4864155603581352,0,0.0011086474501108647,0,3.6487131269471497e-4
control,0.04457578931617537,0.09967080652401616,2.3941343707915608e-4,0.001002543767768966,0,0.42569205446655695,0.011521771659434386,2.543767768966033e-4,0.09178512644022145,0.3231782133772258,0,0.001705820739188987,0,3.740834954361814e-4
control,0.023322114432785587,0.05713720055434567,1.0558965221408302e-4,0.0033128753382168545,0,0.45280802481356824,0.0036758397677027653,3.9596119580281134e-5,0.11844519237114763,0.33896918102026,0,0.001333069359202798,0,8.513165709760443e-4
hyper,0.023448108958414565,0.04622396708659935,0.001089046344972236,8.067009962757304e-5,0,0.6159834357395432,0.005754467106766877,1.3445016604595507e-5,0.12464874894120494,0.18243543030775644,0,1.6134019925514607e-4,0,1.6134019925514607e-4
control,0.05146951522050025,0.06340659019934039,1.7511601435951318e-4,9.339520765840703e-4,0,0.35119516679800367,0.011513877944137992,1.1674400957300879e-4,0.0505501561451128,0.4695881855062312,0,9.193590753874441e-4,0,1.313370107696349e-4
hyper,0.06594423987375066,0.030278800631246713,9.468700683850605e-4,0.001073119410836402,0,0.622304050499737,0.009363492898474487,3.366649132035771e-4,0.08267227774855339,0.18628090478695422,0,5.470804839558127e-4,0,2.524986849026828e-4
control,0.03955336866010598,0.05424732345625608,2.1628636314480372e-4,4.8664431707580837e-4,0,0.6259868065318481,0.006488590894344112,8.11073861793014e-5,0.13550340651021953,0.1363279982697091,0,0.0010003244295447172,0,1.0814318157240186e-4
control,0.060193917733876036,0.010738277242794268,0,9.927529038022436e-5,0,0.6876964823455441,0.0015718587643535524,3.309176346007479e-5,0.09280585062377975,0.14624904861180052,0,5.625599788212713e-4,0,4.963764519011218e-5
hyper,0.031196503543318384,0.05200692405535419,9.467976243986879e-4,0.007325727073630252,9.563612367663515e-6,0.2978969616403508,0.01399156489389172,8.320342759867257e-4,0.058586689364306686,0.5314499392710614,9.563612367663515e-6,0.005527767948509511,0,2.1996308445626083e-4
control,0.04368265668779029,0.037909701197841254,0,0.0025197916470787343,1.880441527670697e-5,0.5050489855017958,0.010041557757761523,9.402207638353485e-5,0.1006036217303823,0.296733673066436,0,0.0029710976137197016,0,3.760883055341394e-4
hyper,0.035677063946996206,0.08055720985632397,7.072135785007072e-4,9.305441822377726e-5,0,0.5754485222958386,0.0032010719868979377,9.305441822377726e-5,0.10263902330082632,0.20147212089630015,0,1.1166530186853272e-4,0,0
control,0.02181826805639548,0.06581053680054072,3.3201712259732253e-4,0.014857766236230183,0,0.4167526353859106,0.005620575575397531,6.877497539515967e-4,0.08575527966513702,0.37443231000913046,0,0.013292542658271376,0,6.403187364376935e-4
hyper,0.024970496727818904,0.07969906662375281,0,2.68211565282695e-5,0,0.5245279476451025,0.002507778135393198,2.14569252226156e-4,0.17172245467224548,0.19618334942602725,1.341057826413475e-5,1.07284626113078e-4,0,2.68211565282695e-5
control,0.04915658718665225,0.053195178167132394,4.2833540702062127e-4,0.004487323311644604,0,0.4277031023721623,0.010035286678768842,2.8555693801374753e-4,0.08030269035429458,0.3691027393069125,0,0.004915658718665225,0,3.875415587329431e-4
hyper,0.012864523145945212,0.05169600978859357,8.497043029025899e-6,0.022967507307457006,8.497043029025899e-6,0.5217184419821902,0.004418462375093467,1.0196451634831079e-4,0.02059683230235878,0.3312062402284005,0,0.03438753313846781,0,2.5491129087077697e-5
control,0.04688213207686078,0.14463667820069204,0,9.129058381800781e-4,0,0.24127217845836707,0.005477435029080468,1.9141574026356476e-4,0.08098358241920046,0.47873076639917544,0,8.981815504674961e-4,0,1.4724287712581903e-5
control,0.035316548172698276,0.08797063487820958,0,0.0031895368934979776,0,0.41866680921580157,0.006771083907984534,8.909320931558596e-5,0.06329181589779227,0.37978653267047985,0,0.004436841823916181,0,4.811033303041642e-4
control,0.0321139488860766,0.0713539499052974,0,0.0049177403874737765,0,0.1857869658645965,0.0059624417133101746,1.783636409964582e-4,0.037294987981687996,0.6595462768713318,0,0.002649974094804522,0,1.953506544246923e-4
hyper,0.02249020123470704,0.06752069323916501,0.0028050139624578936,0.021062649485956146,0,0.31118123646017254,0.014926681443079504,6.135968042876642e-4,0.028964273639129946,0.5147701516460673,0,0.011858697421641183,0,0.0038068046633357128
hyper,0.03178128770428869,0.057269386859712626,1.508171547658221e-4,2.605023582318745e-4,0,0.693937150378414,0.004442250740375123,5.4842601733026214e-5,0.09531644181199957,0.11612920916968301,0,5.21004716463749e-4,0,1.3710650433256555e-4
hyper,0.010548681683067381,0.06932297423460354,0,0.054680373871892,0,0.34152295921104875,0.002537907648062498,1.931599901273783e-4,0.038202753602970374,0.4707738203826714,0,0.012195907154431413,0,2.1462221125264254e-05
control,0.02285947248491202,0.08254162389615684,0,0.007498489381993433,0,0.4818398235306965,0.002992115666018739,2.9120347114537606e-5,0.03012499908998915,0.36347289259687976,0,0.008328419274757755,0,3.1304373148127924e-4
hyper,0.057600197224765795,0.04994012819609777,3.874057899556244e-4,9.15686412622385e-4,0,0.4297738958934986,0.012661125589913362,1.7609354088892018e-4,0.07311403817707966,0.3731950412058886,0,0.0014967950975558217,0,7.395928717334648e-4
control,0.04412378510524119,0.060898773676783334,0,0.014052034265497983,0,0.2281815832886133,0.012471925744837319,0.0012521614692027905,0.05935841631387514,0.5638204837715899,9.937789438117385e-6,0.01466817721066126,0,0.0011627213642597342
control,0.04172872835598585,0.08005957922174642,0.001687302178365295,3.6073356916775277e-4,0,0.24968581269782164,0.01253258238689257,3.490970024204059e-5,0.05720536212995718,0.5554482405511078,0,7.912865388195867e-4,0,4.654626698938745e-4
hyper,0.04954360181411103,0.04816579596991791,0.002104981150850604,1.9136192280460034e-4,0,0.4544271580840844,0.010888493407581759,3.827238456092007e-5,0.07440151558642862,0.35979868725720954,0,1.9136192280460034e-4,0,2.4877049964598045e-4
control,0.019277505457840755,0.009535774601474646,0,1.750628166577419e-4,0,0.7787617909955925,0.00195658442146888,3.089343823371916e-5,0.0994356798615974,0.09058985871400914,0,6.178687646743832e-5,0,1.750628166577419e-4
hyper,0.0516091725546179,0.059740869910912736,1.6263394712589675e-4,0.002023889119788937,0,0.44581578994922205,0.011528939807369125,3.6140877139088164e-4,0.10076076546377781,0.3248342037261244,0,0.002837058855418421,0,3.252678942517935e-4
control,0.04771898669464961,0.06432040467637998,0.00242160067804819,2.1525339360428355e-4,0,0.3180099823761284,0.0047086679850937025,2.6906674200535443e-5,0.07432968747897917,0.48757584318790276,5.3813348401070886e-5,5.112268098101734e-4,0,1.0762669680214177e-4
control,0.05526236103300601,0.027771769693299305,0.0011030843102478695,0.003958126054418826,0,0.5774970800709435,0.012696284119911753,4.542111865726522e-4,0.06406540641086646,0.2516762555694943,0,0.0052126140935242465,0,3.0280745771510143e-4
hyper,0.043275761692218126,0.020454104405200853,1.8112426418267675e-4,3.36373633482114e-4,0,0.7324018371175367,0.004760980658516075,3.88123423248593e-5,0.09435280419173298,0.10361601655993273,0,5.304353451064105e-4,0,5.174978976647907e-5
hyper,0.053471310031076795,0.05460064716624483,2.5630346330054787e-4,0.003203793291256848,8.009483228142121e-6,0.13896453400826578,0.014633325857815654,4.2450261109153235e-4,0.04301893441835133,0.6874539454714382,0,0.0034921346874699642,0,4.725595104603851e-4
hyper,0.026834418440964278,0.05258372925098246,0,0.005542847087805737,0,0.449777113027157,0.012317437972901637,4.8389934893542145e-4,0.07581089799988269,0.3672356149920816,0,0.006598627485483019,0,0.0028154143938060885
control,0.057005396960659,0.061567959096719214,2.307910808123846e-4,0.00474009373668513,0,0.3830776878284335,0.016350660417554324,4.615821616247692e-4,0.09402073569095298,0.37446740519812527,1.7753160062491125e-5,0.0073320551058088336,0,7.27879562562136e-4
hyper,0.07322520490914611,0.030573745609089726,2.3851858276594822e-4,9.540743310637929e-4,0,0.6864781647079231,0.004987206730560735,2.168350752417711e-4,0.08463072986686326,0.11724272518322564,0,0.0011492258987813868,0,3.0356910533847954e-4
hyper,0.060893613343704085,0.02679111572033532,0,0.0021432892576268257,0,0.7017371013741249,0.007069397632011062,1.3827672629850487e-4,0.08841068187710656,0.10967072854550168,0,0.0021260046668395128,0,0.0010197908564514736
control,0.057117820441328765,0.05994582968214769,1.9915558033936112e-5,2.190711383732972e-4,0,0.40830877081175815,0.01244722377121007,5.974667410180833e-5,0.08139488568469688,0.37984943838126345,0,3.5848004461085e-4,0,2.7881781247510553e-4
hyper,0.06068976834504827,0.06862128381150344,6.56401279982496e-4,0.0020512539999453,0,0.44438366654814976,0.011979323359680551,2.32475453327134e-4,0.06892213439816208,0.33888083581762984,0,0.003323031479911386,0,2.5982550665973797e-4
hyper,0.05344612274024738,0.03572490485252141,0,0.013038177925784968,0,0.26987690294957184,0.018836227402473836,0.0019178163653663179,0.06351094196003806,0.52082837773549,0,0.022106921979067554,0,7.136060894386299e-4
hyper,0.05453638027253066,0.05193508870101783,3.47847128748809e-4,0.012522496634957124,0,0.4245549825320246,0.011342841154852467,5.293325872264484e-4,0.07035586273649824,0.3620937372393037,0,0.011509202825123637,0,2.722281877164592e-4
hyper,0.06427470342485646,0.03494113178883403,4.4681754205670113e-5,0.0016755657827126293,0,0.3947186166528898,0.02381537499162217,6.702263130850517e-4,0.08956457630526575,0.3876365586112911,0,0.0021447242018721654,0,5.138401733652063e-4
control,0.06504579798235617,0.04085939808366046,2.32155670929889e-4,2.1105060993626272e-4,0,0.6026339116120045,0.012050989827360602,1.0552530496813136e-4,0.08560212739014816,0.19275252205478874,0,3.5878603689164663e-4,0,1.477354269553839e-4
control,0.04524444909563428,0.05147122948389235,0,0.003854673573683568,1.7441961871871348e-5,0.31269949243890954,0.012575654509619241,5.407008180280118e-4,0.06936668236443236,0.4970087035389741,0,0.00673259728254234,0,4.883749324123977e-4
hyper,0.047809251377939024,0.03420428382055397,1.0465359659526966e-4,1.744226609921161e-4,1.7442266099211608e-5,0.45248726714574755,0.01505267564361962,6.976906439684643e-5,0.0835135700830252,0.3651015139886974,0,3.314030558850206e-4,1.7442266099211608e-5,0.001116305030349543
control,0.03586331066532037,0.06395299327258792,4.987773871364096e-4,0.02356419021666403,0,0.3459446965365385,0.01989026897482999,1.5814892762861766e-4,0.0389289668008905,0.46057833846303575,0,0.010291845597985426,0,3.2846315738251357e-4
hyper,0.05889212827988338,0.1132923010474031,7.558578987150416e-4,8.638375985314761e-5,0,0.4109275456214232,0.017687074829931974,1.511715797430083e-4,0.08923442392830148,0.3078285282366915,0,4.967066191555987e-4,0,6.478781988986071e-4
hyper,0.012261502320517963,0.061593995301667336,0,5.061212017036231e-4,0,0.6823373250062071,0.0019576386103630702,6.684619645142192e-5,0.13535399835749345,0.1054928474569797,0,4.106266353444489e-4,0,1.909891327183483e-5
hyper,0.041087863716915335,0.09683873549419768,3.429943405933802e-4,0.002186588921282799,0,0.2991053564282856,0.008803521408563426,2.0008003201280514e-4,0.06545475332990339,0.4842079689018465,0,0.0015577659635282685,0,2.1437146287086264e-4
control,0.03967965996267883,0.020708065519386275,0,6.479369686916857e-5,0,0.6127928675098486,0.002941633837860253,1.2958739373833714e-5,0.1178078996475223,0.20594028612896537,0,1.2958739373833714e-5,0,3.887621812150114e-5
hyper,0.020719551813966588,0.07886505134626796,1.0058034861148828e-5,0.015429025477002303,0,0.37252949518723033,0.0038321112820977037,3.620892550013578e-4,0.09602405881938787,0.3889844402200698,0,0.023123422145781156,0,1.2069641833378594e-4
hyper,0.04909883960167887,0.0930129207472636,9.217348366389597e-4,1.6459550654267138e-5,3.2919101308534276e-5,0.5115628343346227,0.005332894411982553,1.6459550654267138e-4,0.12433544564233397,0.21534030120977699,0,1.6459550654267138e-4,0,1.6459550654267138e-5
hyper,0.04008886901601319,0.05748539809406702,5.589246290137775e-5,0.0033395746583573206,4.191934717603331e-5,0.5329066875331862,0.009529664924684907,1.2575804152809993e-4,0.06838442835983567,0.2835005449515133,0,0.004331665874856776,0,2.0959673588016655e-4
control,0.05626429793285381,0.037365264524638814,3.0914449413655944e-4,1.4426743059706108e-4,0,0.4223532078893675,0.00579130685682488,1.4426743059706108e-4,0.09422724181282331,0.3818964984233631,0,6.595082541579934e-4,0,8.449949506399291e-4
control,0.034047870806498126,0.05900221090070172,2.114774584254542e-4,0.019455926175141785,0,0.2518312025377295,0.020388349514563107,0.0021243871960011534,0.05859848120734404,0.5243583581659137,9.612611746611554e-6,0.0298663846967221,0,1.057387292127271e-4
control,0.023118638347485253,0.034570571676216334,0,3.068167000329828e-4,0,0.6199308128341425,0.0025389081927729325,7.67041750082457e-6,0.11240996847458407,0.20572059737211496,0,4.448842150478251e-4,0,9.511317701022466e-4
control,0.06041921041921042,0.14916564916564917,2.035002035002035e-5,0.002482702482702483,0,0.36015466015466013,0.0038665038665038664,1.221001221001221e-4,0.08673178673178673,0.3332926332926333,0,0.0034391534391534392,0,3.0525030525030525e-4
hyper,0.060951755825402035,0.07523465703971119,0.0010108303249097472,0,0,0.39283229405973086,0.008848047259599607,5.251066622907778e-5,0.08091893665900886,0.37935018050541514,0,1.0502133245815557e-4,0,6.957663275352806e-4
hyper,0.04670825510265884,0.09426442977409,0,7.267882018048574e-5,0,0.1982193689055781,0.007473805341893284,0,0.0616558657864454,0.5911574102113742,0,8.4791956877233355e-05,0,3.633941009024287e-4
control,0.06990568989406874,0.014861663612389935,6.704509900326286e-5,6.257542573637867e-4,0,0.6983194028516515,0.004559066732221875,4.469673266884191e-5,0.1083672283556072,0.10235551781164796,0,4.91664059357261e-4,0,4.0227059401957716e-4
hyper,0.02418021948962052,0.017155890519635064,1.6527832870554014e-5,0.002363480100489224,0,0.6870206928467539,0.0017519502842787253,4.958349861166204e-5,0.14561847150601614,0.11894254925294195,0,0.0018428533650667724,0,0.001057781303715457
hyper,0.04243865528051022,0.016711706842503515,0,0,0,0.7391633336936547,0.00830180521024754,1.7295427521349044e-4,0.06462004107664036,0.1283536914928116,0,2.1619284401686305e-5,0,2.1619284401686305e-4
control,0.021533405111350372,0.06168187227290758,9.444475926030864e-5,0.02633119888177405,9.444475926030864e-6,0.33327666647777715,0.01638616573166355,6.611133148221605e-4,0.03486900511890595,0.4886288509850588,9.444475926030864e-6,0.016197276213142934,0,3.211121814850494e-4
control,0.04434084829957967,0.06815437523882308,9.170806266717616e-5,0.0022927015666794038,0,0.3772411157814291,0.006771111960259839,2.1398547955674436e-4,0.08542606037447459,0.41241115781429116,0,0.0023079862437906,0,7.489491784486052e-4
hyper,0.0686940511713542,0.05421877976001524,3.8092819503523584e-4,1.0581338750978774e-4,0,0.4958415338708653,0.012062726176115802,1.693014200156604e-4,0.0915709055509703,0.27670200833809494,0,1.0581338750978774e-4,0,1.4813874251370284e-4
control,0.04715424451665313,0.038751523151909016,0,4.0617384240454913e-4,1.269293257514216e-5,0.6722050162469537,0.001967404549147035,1.1423639317627945e-4,0.11054274979691307,0.12810976848090982,0,7.234971567831031e-4,0,1.269293257514216e-5
hyper,0.016933236398885256,0.042757179207560884,0,0.014676481279534715,0,0.33740760935417424,0.004892160426511571,5.755482854719496e-4,0.07803223070398643,0.48773173391494,0,0.016842360353810735,0,1.5146007512419727e-4
control,0.05818995663729193,0.04807199142071152,0,8.70362599275734e-4,0,0.39077726488553177,0.010288929298580999,4.662656781834289e-5,0.07269081922879657,0.417727421084534,0,9.636157349124198e-4,0,3.7301254254674314e-4
control,0.035290051712661925,0.09507961701909784,1.5360196610516614e-4,2.5600327684194356e-4,0,0.6009420920587784,0.006630484870206338,1.2800163842097178e-5,0.11421586196303313,0.14677947877732836,0,5.120065536838871e-4,0,1.2800163842097178e-4
hyper,0.03618379255407532,0.06158673065457282,3.909648033935745e-4,5.473507247510043e-4,0,0.41344527958870503,0.00398784099461446,2.9322360254518086e-5,0.08962868117797695,0.393183528652833,0,2.7367536237550213e-4,0,7.428331264477915e-4
control,0.04000336162702748,0.07927327735714995,1.5280122852187732e-5,0.002910863403341763,0,0.20524261015058562,0.008335307015868407,1.604412899479712e-4,0.05884375310377495,0.602472323877484,0,0.0017954144351320584,0,9.473676168356394e-4
control,0.05876530750868477,0.019038562307139947,0.001125623459545481,3.881460205329245e-5,0,0.6711238768024531,0.008189881033244707,0,0.0732625613755895,0.1682807072020494,0,5.8221903079938674e-5,0,1.1644380615987735e-4
hyper,0.05419807071128788,0.08438990089872334,0,4.394735107341405e-5,0,0.28066975763035884,0.006866773605220945,1.5381572875694917e-4,0.07925904766090223,0.49416598914500426,1.0986837768353513e-5,1.2085521545188864e-4,0,1.2085521545188864e-4
control,0.03386059447244916,0.025656179384668867,0,0.0018193406338721826,2.317631380728895e-5,0.6342661799640767,0.002560982675705429,1.854105104583116e-4,0.10191783996755316,0.19731154759835448,0,0.0022249261254997394,0,1.7382235355466714e-4
hyper,0.03249271137026239,0.041253644314868804,0,1.457725947521866e-4,2.915451895043732e-5,0.6213411078717201,0.01131195335276968,1.0204081632653062e-4,0.05858600583090379,0.23285714285714285,0,2.623906705539359e-4,1.457725947521866e-5,0.0016034985422740526
control,0.06520759252767065,0.05899734562027345,2.5041318174988733e-5,3.7561977262483097e-4,2.5041318174988733e-5,0.2974157359643412,0.00868933740672109,2.2537186357489858e-4,0.08526568838583663,0.4820453748685331,0,5.258676816747634e-4,0,0.0012019832723994591
control,0.0747681933127283,0.06577690362461365,7.024445068839561e-4,0.001264400112391121,0,0.471059286316381,0.015313290250070244,3.3717336330429894e-4,0.11730823264962068,0.2506322000561956,0,0.001376791233492554,0,0.0014610845743186288
hyper,0.06724665820327086,0.028900007467702188,1.8669255470091852e-5,0,0,0.4351990142633112,0.01803450078410873,9.334627735045926e-5,0.08830557837353446,0.36151146292285863,0,1.3068478829064296e-4,0,5.600776641027556e-4
hyper,0.021985179359246924,0.031853317439445514,1.2289088518304598e-5,0.007103093163580057,0,0.5716638196944933,0.002384083172551092,7.61923488134885e-4,0.10896734789180687,0.2432625072198395,0,0.011072468754992442,1.2289088518304598e-5,9.216816388728448e-4
control,0.01875966811981437,0.03391927998874982,0,0.010181409084516946,0,0.6040360005625088,0.004879763746308536,2.3906623540992828e-4,0.02636759949374209,0.2886654478976234,0,0.012839263113486148,0,1.1250175783996625e-4
control,0.06524727470349413,0.056535916370960004,5.594450305297145e-4,6.233816054473962e-4,0,0.2353665164157156,0.018285860426456954,1.118890061059429e-4,0.06881173875515488,0.5534829449186407,0,6.873181803650778e-4,0,2.8771458712956746e-4
hyper,0.06621658219522575,0.017990482454443457,0,0.0012960885209115178,0,0.7201996363214299,0.0032305489998839323,5.803381436917244e-5,0.08975896622432003,0.09958602545749991,0,0.0015475683831779317,0,1.1606762873834487e-4
control,0.045513265232889163,0.09831104519030645,1.0765292696346977e-4,5.9807181646372096e-5,0,0.39400971268629936,0.0036362766440994235,0,0.12398028755292935,0.3342503767852444,0,7.176861797564652e-5,0,5.9807181646372096e-5
hyper,0.04539831219900146,0.08700790880572615,1.9882472495913047e-4,0.0030928290549198075,1.1045818053285026e-5,0.20686608050192198,0.010670260239473336,7.732072637299518e-5,0.060420624751469094,0.583318605575929,0,0.0026620421508416914,1.1045818053285026e-5,2.6509963327884064e-4
control,0.05379204734219269,0.01448297342192691,0,2.465739202657807e-4,0,0.6879931478405316,0.0026733803986710965,6.488787375415283e-5,0.07833264119601328,0.1619341777408638,0,2.7252906976744186e-4,0,2.0764119601328904e-4
hyper,0.03427814453531273,0.06423183455403378,2.4085569459497924e-4,0.0038208471551658073,0,0.19820234067943202,0.010356794867584108,4.488674308360977e-4,0.04757994766862635,0.6366910806757097,0,0.004017910905288972,0,1.3137583341544322e-4
control,0.034328005668844974,0.05031099913392646,4.724037477363987e-4,1.574679159121329e-4,0,0.5858790646405795,0.007440359026848279,5.905046846704984e-5,0.10418470986536493,0.21580977875757815,0,0.001318793795764113,0,3.9366978978033224e-5
hyper,0.08194263523975717,0.07218521886597684,0.002285742374714282,0.0020645414997419323,0,0.2941480079632315,0.0177943814977757,3.440902499569887e-4,0.07884582299014427,0.44645709931919286,0,0.0017204512497849436,0,0.002212008749723499
control,0.024233411231499184,0.0614828978117697,2.974293605268749e-4,3.6824587493803555e-4,1.4163302882232136e-5,0.5622123079102047,0.0063026697825933,0,0.086027901706678,0.257658806033567,0,5.948587210537498e-4,0,8.073082642872318e-4
hyper,0.06473181840205436,0.05169824119385629,0.0011386210572217647,0,0,0.3584960511652696,0.020180241290760213,3.149377392315519e-4,0.08544503125151412,0.41746208634139254,7.267793982266583e-5,1.2112989970444304e-4,0,3.3916371917244053e-4
control,0.06689365942781215,0.062160029896607565,0.001224930448864344,1.6609226425279243e-4,0,0.32599759166216835,0.013100527342939003,1.245691981895943e-4,0.07663081841963211,0.45287132001827013,0,6.436075239795707e-4,0,1.8685379728439148e-4
hyper,0.026683895572756584,0.23961561139616866,1.2545319968385794e-5,7.025379182296045e-4,0,0.21417370250028228,0.0159827376397235,2.509063993677159e-5,0.09053957421184028,0.4109094102445083,0,0.001216896036933422,0,1.3799851965224372e-4
hyper,0.05211968914328261,0.04340205066157879,1.5511812245024587e-5,6.514961142910326e-4,0,0.4406285386321684,0.009105433787829431,1.5511812245024587e-4,0.05771945336373648,0.39483766888485583,0,6.670079265360572e-4,0,6.980315510261064e-4
control,0.06264851032717968,0.08348565161762019,2.7417291171632244e-4,1.599341985011881e-4,0,0.41176201791263023,0.021751050996161578,4.7980259550356425e-4,0.09299031255711936,0.3255346371778468,0,3.4271613964540306e-4,0,5.711935660756717e-4
hyper,0.03531772826168505,0.17212469052442045,6.564633505889414e-4,3.7512191462225225e-4,1.875609573111261e-5,0.3012604096331308,0.00926551129116963,1.875609573111261e-5,0.0901230399879961,0.38900142546327554,0,0.0015192437542201215,0,3.188536274289144e-4
control,0.04780896953098254,0.15595686408764123,2.909962341663814e-4,0.00843889079082506,0,0.24904142416980485,0.010612803834303321,5.135227661759672e-4,0.07680588839438549,0.4397637795275591,0,0.010561451557685723,0,2.0540910647038685e-4
hyper,0.06581872517220015,0.013612012099566312,3.644447683953497e-5,2.551113378767448e-4,0,0.6863406100805423,0.009639564124056999,3.644447683953497e-5,0.07314406501694669,0.15067968949305732,0,3.280002915558147e-4,0,1.093334305186049e-4
hyper,0.04146874241531154,0.05310148746576055,8.321486772303318e-4,9.88176554211019e-4,0,0.44322318920980547,0.01785652369890087,3.4672861551263826e-5,0.0797995908602337,0.3608578065947783,0,0.0017683159391144552,0,6.934572310252765e-5
control,0.020975586721443076,0.043405581527128485,3.494357085517306e-4,0,0,0.5776455588610285,0.003636020210605846,0,0.13449497095905935,0.21941729234546914,0,3.7776833356943856e-5,0,3.7776833356943856e-5
hyper,0.06419683867767882,0.022599357384685055,0,6.469281694089233e-5,0,0.6214176352618981,0.008280680568434218,2.1564272313630777e-5,0.07836456558773425,0.2047312013456106,0,8.625708925452311e-5,0,2.3720699544993855e-4
hyper,0.020550754135212724,0.0016859820465695583,0,1.5189027446572596e-5,1.5189027446572596e-5,0.7685951668514664,0.014535899266369974,4.556708233971779e-5,0.08382824247763415,0.11062168689338822,0,6.075610978629038e-5,0,4.556708233971779e-5
hyper,0.04934327298544551,0.03336883209087682,0.0011241273222103894,1.774937877174299e-4,0,0.547923322683706,0.01733522660040232,2.3665838362323986e-4,0.06383859898236895,0.28591290971482664,0,3.254052774819548e-4,2.9582297952904983e-5,3.8456987338776475e-4
control,0.05027031142922409,0.023513287139267494,6.091525165613341e-5,0.006868194624229041,1.5228812914033352e-5,0.5339983248305794,0.010264219904058479,6.700677682174675e-4,0.08321023376227824,0.28144369146425036,0,0.009350491129216477,0,3.3503388410873375e-4
control,0.021112936459319484,0.04749540569137384,1.3226039984407195e-4,1.1137717881606059e-4,0,0.6727111989753299,0.003202093890961742,6.961073676003787e-6,0.1005596703235507,0.15452191345993205,0,1.044161051400568e-4,0,4.176644205602272e-5
hyper,0.05973642417319105,0.11123958652587,5.57242762809618e-4,6.965534535120225e-5,1.393106907024045e-5,0.2675043882867571,0.0085954696163383585,8.35864144214427e-5,0.08973001588141874,0.4620239057145245,0,3.7613886489649214e-4,0,6.965534535120225e-5
control,0.06614205839718368,0.038517291364671774,4.141644232760406e-5,8.283288465520812e-5,4.141644232760406e-5,0.6158417891903085,0.00704079519569269,4.141644232760406e-5,0.10234002899150962,0.16928970801408158,0,5.591219714226548e-4,0,6.21246634914061e-5
hyper,0.05552019096876865,0.023950666401432265,1.392480604734434e-4,0.003739805052715337,0,0.647980903123135,0.007797891386512831,4.37636761487965e-4,0.07497513427491545,0.1804257012134474,0,0.003958623433459319,0,0.0010741993236522778
control,0.028245327628912405,0.08831062823688358,1.5480747579374015e-4,0.016240711551452375,2.8146813780680027e-5,0.2818340463859491,0.018084327854086917,7.881107858590408e-4,0.07532087367709975,0.47741218194100427,4.2220220671020044e-5,0.013383809952713353,0,1.5480747579374015e-4
control,0.05260443527591542,0.027536843421319956,1.5628174472939816e-5,0.001437792051510463,1.5628174472939816e-5,0.726038101489365,0.004375888852423148,4.688452341881945e-5,0.09109662900276619,0.09541000515729757,0,0.0010314595152140279,0,3.907043618234954e-4
control,0.028162414889693056,0.05615535684022689,7.975197136904228e-5,0.01922022509993919,9.968996421130285e-6,0.20166282860304452,0.017954162554455644,0.0021233962377007506,0.05040324590523472,0.62277317542443,0,0.0011763415776933736,0,2.79131899791648e-4
control,0.01749935664129995,0.1275810938323346,1.225445142948176e-5,0.0016175875886915922,1.225445142948176e-5,0.45015501881058295,0.00355379091454971,8.578116000637231e-5,0.0826317659889955,0.31511096405769395,0,0.001727877651556928,0,1.225445142948176e-5
control,0.07071566895788556,0.019259007043902023,0,1.4896469536719798e-4,0,0.6957715307186483,0.003936924091847375,1.4896469536719798e-4,0.10759507139665042,0.10229618437573153,0,8.512268306697027e-5,0,4.2561341533485136e-5
hyper,0.037919720004374935,0.1004374931641693,0,0.004626490211090452,0,0.234069780159685,0.0032483867439571257,1.2031062014656021e-4,0.0534726019905939,0.5598490648583616,0,0.0062124029312042,0,4.3749316416930984e-5
control,0.049746062771360365,0.08100357274460483,0.001522021244212314,0.0018424467693096433,0,0.4168896294278802,0.011935850809875515,4.806382876459939e-5,0.07312110482721054,0.36188858804492363,0,0.0014098723104282488,0,5.927872214300591e-4
hyper,0.051782283884738524,0.07381003201707577,4.4823906083244397e-4,8.751334044823906e-4,0,0.44196371398078976,0.00783351120597652,1.7075773745997867e-4,0.07532550693703309,0.3457844183564568,2.1344717182497334e-5,0.001536819637139808,2.1344717182497334e-5,4.2689434364994664e-4
hyper,0.06341557854884161,0.056058683072686986,0,0.005700518424505776,6.453417084346161e-5,0.39015208552928776,0.014821347903715016,6.238303181534623e-4,0.10351281003291243,0.3597780024522985,4.3022780562307744e-5,0.005549938692537699,0,2.796480736550003e-4
control,0.09580057248451031,0.03529113373672959,7.246639370991702e-5,0,3.623319685495851e-5,0.5313598318779665,0.01710206891554042,2.898655748396681e-4,0.13246856770172832,0.18721692814957064,0,7.246639370991702e-5,0,2.898655748396681e-4
hyper,0.05158708328749037,0.037009021894597864,1.7878754538453074e-4,0.007715370227747827,0,0.52595169985697,0.015595775112773682,8.389261744966443e-4,0.08280613928925075,0.2656232808889867,1.3752888106502366e-5,0.012652657057982176,0,2.750577621300473e-5
hyper,0.0446456163312792,0.020941266292196108,0,6.180582065405101e-4,3.635636509061824e-5,0.5923906127865336,0.007925687589754777,1.817818254530912e-4,0.06291468978931486,0.26980058533747797,0,2.544945556343277e-4,0,2.9085092072494593e-4
hyper,0.05521586379298696,0.0637963651104655,1.6890750624957772e-5,0.018596716438078507,5.067225187487332e-5,0.37296466454969257,0.017110330383082226,0.001266806296871833,0.07898114992230254,0.3689277751503277,3.3781501249915544e-5,0.022616715086818458,0,4.2226876562394435e-4
control,0.06986027944111776,0.05447641302760333,0.00133878584294825,9.493208704542135e-4,0,0.4572318777079986,0.02524219852976973,1.703909254661409e-4,0.10425490482449734,0.28345747529331583,0,9.249793096733363e-4,0,0.0020933742271554453
control,0.04880480451966672,0.13594606784247631,8.070833432240606e-4,4.7475490777885916e-4,0,0.3968001519215705,0.011916348185249365,1.4242647233365775e-4,0.0905120231680395,0.31397915825954853,0,4.035416716120303e-4,0,2.136397085004866e-4
hyper,0.024608120467065103,0.08644745517578747,1.0634451368653891e-5,8.507561094923113e-5,0,0.39500606163728014,0.0032754110215453985,4.2537805474615564e-5,0.08249143926664823,0.4073951974817619,0,1.169789650551928e-4,0,5.210881170640407e-4
hyper,0.05218219381496546,0.05210149138098005,0,1.61404867970818e-4,0,0.5739072890438376,0.011960100716637613,5.487765511007812e-4,0.07035638194847957,0.23637742914326296,0,6.133384982891084e-4,0,0.0017915940344760798
control,0.02890956725991508,0.06486584153943446,0.0011142229048092269,3.0114132562411538e-5,0,0.46225193483301713,0.005239859065859608,3.0114132562411538e-5,0.10339687415304002,0.33363447465895746,0,2.2585599421808656e-4,0,3.011413256241154e-4
control,0.02548676137457927,0.05485293982776489,7.336959013912708e-5,0.015857002668818843,0,0.3554940066216055,0.012509515118721169,0.001118886249621688,0.04080266331612205,0.47770940139585644,0,0.015563524308262333,0,5.319295285086714e-4
hyper,0.028077152011752638,0.08207849444662554,1.0131583946505236e-4,6.332239966565773e-5,0,0.5252593052266309,0.007927964438140348,1.2664479933131545e-5,0.05151910436797913,0.3047453806309444,0,1.899671989969732e-4,0,2.532895986626309e-5
hyper,0.06030150753768844,0.08185156551990723,0.001755572735472233,1.7716789073572993e-4,0,0.3338809431774256,0.01370635227419147,6.442468754026543e-5,0.08760146888287591,0.4169243654168277,1.610617188506636e-5,0.002883004767426878,0,8.375209380234506e-4
control,0.04321871238491818,0.1657178177559452,1.6265981326653436e-5,1.301278506132275e-4,0,0.2846058752724552,0.008718565991086242,1.6265981326653436e-5,0.11530954162464621,0.3814697940726764,0,7.807671036793649e-4,0,1.6265981326653436e-5
control,0.031118966587067295,0.2069270255532783,1.3162100671267133e-4,5.6409002876859146e-5,0,0.28155613635936294,0.013462948686610384,1.504240076716244e-4,0.08952108756557546,0.37590959517138933,1.880300095895305e-5,7.521200383581219e-4,0,3.9486302013801405e-4
control,0.014230307253605714,0.041508119160485225,9.169012405673785e-6,0.01358847638520855,9.169012405673785e-6,0.34371876805149315,0.003942675334439727,0.0010085913646241164,0.0662461146309931,0.4973914159705858,0,0.018319686786536223,0,2.7507037217021355e-5
hyper,0.05801472892510185,0.028517706048260733,9.793168285803823e-5,3.1338138514572234e-4,0,0.6375548417424005,0.0036822312754622374,0,0.09691319335631464,0.17402460043873394,0,5.680037605766217e-4,0,3.1338138514572234e-4
control,0.051300999572167556,0.08165765625607717,7.973241025242114e-4,0.0016335420637081405,0,0.3716502664229318,0.00738983314534635,4.667263039166116e-4,0.08751118198436467,0.39576445879195676,0,0.0016335420637081405,0,1.9446929329858815e-4
control,0.06474561008554705,0.05823953174245835,2.70148581719946e-4,0.0014407924358397117,0,0.4790184601530842,0.019833408374606034,2.70148581719946e-4,0.09696082845565061,0.27651958577217467,0,0.002161188653759568,0,5.40297163439892e-4
control,0.051428340212025574,0.030859701653583663,6.743815920800626e-5,0.0014836395025761377,1.3487631841601251e-5,0.7188638018936635,0.0070135685576326505,2.0231447762401877e-4,0.07720320466132556,0.11182595559871598,0,0.0010385476518032964,0,0
hyper,0.060430427365382094,0.11252788591925113,6.998818949302305e-4,3.0619832903197586e-4,0,0.3585145006780106,0.01771576046542146,1.5309916451598793e-4,0.09483399676304624,0.3533310003936836,0,0.0011591793884781943,0,3.2806963824854555e-4
hyper,0.04682614957670285,0.10536761864615168,3.512839428109741e-5,0,0,0.38969684195735416,0.01099518740998349,1.7564197140548704e-5,0.07854708961253382,0.36807531527733867,0,2.8102715424877927e-4,0,1.5807777426493836e-4
control,0.03249469596893639,0.060215763980625274,5.404107121412273e-4,0.01911452704055082,0,0.171690484768424,0.023778071334214,0.0025719546855610263,0.039359913534286056,0.6304591489532044,2.0015211560786197e-5,0.015701933469436772,0,0.004053080341059205
control,0.05842827468999811,0.08939699125070813,0.0010071127336816264,0,7.868068231887707e-5,0.35511739157801975,0.012604645307484107,3.1472272927550825e-5,0.09016806193743312,0.392726757726443,0,2.360420469566312e-4,0,2.0456977402908037e-4
control,0.04955748995947444,0.1156523161357152,7.996074654260636e-4,0,0,0.35306304177949005,0.010831046577134861,5.4518690824504334e-5,0.08017882130590437,0.3895360459410835,0,1.999018663565159e-4,0,1.2721027859051011e-4
hyper,0.007459691940445936,0.04065274876786468,1.0289230262684049e-4,0.00556647357211207,0,0.5854263342559343,0.005864861249729908,2.469415263044172e-4,0.10266593956106143,0.2451306217781848,0,0.006687999670744632,0,1.9549537499099692e-4
hyper,0.044424260773034616,0.04387930164496922,0.0018165304268846503,0.0018770814411141388,0,0.6220607528509435,0.0069229992935715004,1.8165304268846503e-4,0.07290342113230397,0.20276516298314665,0,0.002260571197900898,0,9.082652134423251e-4
hyper,0.06517253646389186,0.03276414087513341,0.0015652792600498043,0.003664176449662042,0,0.4948950551405194,0.006688011383849164,3.557452863749555e-4,0.09521522589825684,0.29477054429028815,0,0.004820348630380647,0,8.893632159373888e-5
hyper,0.057734481405387936,0.07571735266280386,0.002331540432604631,0.001200397054410305,0,0.4030333110182599,0.015328147002470047,6.925367621597914e-5,0.07313188208407397,0.37085343613656824,0,5.309448509891733e-4,0,6.925367621597914e-5
hyper,0.06179851865315581,0.017994274549007132,4.7712091607215887e-4,2.044803926023538e-4,4.544008724496751e-5,0.7194529013495706,0.005611850774753488,0,0.08860817012768664,0.10537556232107965,0,3.6352069795974007e-4,0,6.816013086745126e-5
hyper,0.05724208131249626,0.04149452128615053,0,0,0,0.5035826198032054,0.010039319002854121,3.9917769395046207e-5,0.08436620561643016,0.3001217491966549,0,1.7962996227770793e-4,0,0.002933956050535896
control,0.04225352112676056,0.10388066797408926,0.0015154216437867712,0.004977120104593807,0,0.30309918583229334,0.010474237832055625,3.714268734771498e-4,0.06086943602543531,0.46810186010578236,0,0.00426398050751768,0,1.931419742081179e-4
hyper,0.02671452772742889,0.056923860634277526,0,0.03473480944426674,3.554039165511604e-5,0.29146675196360666,0.03193896530073095,0.0012320669107106893,0.045124450604779,0.45194346708367394,0,0.05897335655305588,0,9.12203385814645e-4
hyper,0.02061538986637541,0.032697919688721266,1.7065720088059117e-5,0.0050343874259774395,0,0.6595900814034849,0.008037954161475843,1.3652576070447294e-4,0.05875727426318753,0.21241701793607182,0,0.002338003652064099,0,3.583801218492414e-4
control,0.06325527485028655,0.04520380347292279,4.292858829337397e-5,6.439288244006095e-5,0,0.6701796561420078,0.011333147309450729,6.439288244006095e-5,0.0875743201184829,0.122196226577089,0,6.439288244006095e-5,0,2.1464294146686985e-5
hyper,0.03922484759489165,0.0988185822987585,1.1124460463667511e-5,8.899568370934009e-5,0,0.3753615449650692,0.00496150936679571,2.2248920927335023e-5,0.1066613269256441,0.37466070395585815,0,5.562230231833756e-5,0,1.3349352556401014e-4
hyper,0.057268650896802706,0.056618793865349626,0,0,0,0.340671302313491,0.01237977644918118,1.624642578632701e-4,0.07656940473095919,0.4558422147127632,0,4.8739277358981026e-5,0,4.386534962308292e-4
control,0.032348216734358066,0.05192430752353963,0,0.008410275162263461,0,0.36426677810716573,0.013398978752301725,5.093179057892469e-4,0.05619474227208024,0.46172933018165674,0,0.01115275619343633,0,6.52971674088778e-5
hyper,0.07206083774556903,0.028681235562278962,5.51955352944784e-4,1.8398511764826134e-4,0,0.35102316168203285,0.013062943353026555,2.861990718972954e-4,0.08205736247112456,0.4510906228918372,0,1.8398511764826134e-4,0,8.177116339922726e-4
hyper,0.050170985288379884,0.0789974983360492,3.442656813017833e-4,9.180418168047555e-5,0,0.5103853480526038,0.018039521700213446,2.5246149962130775e-4,0.12051593950104428,0.22072020380528334,0,3.901677721420211e-4,0,9.180418168047555e-5
control,0.03876505171817524,0.11876316534096268,0.0011789857578520452,0.0013361838588989846,0,0.4131637689816707,0.003961392146382871,7.859905052346968e-5,0.06787814003206841,0.35338133115351966,0,0.001241864998270821,1.5719810104693935e-5,2.3579715157040902e-4
control,0.06665792750868454,0.05829018374079657,0.001201634222542658,0.004435122675930174,0,0.30499661357628194,0.015075047519171528,5.243494789277053e-4,0.08894278036311201,0.45382447401192894,0,0.005680452688383474,0,3.714142142404579e-4
control,0.06336570609775513,0.04487740805604203,6.169399777105557e-4,3.9802579207132624e-5,0,0.515781722655628,0.012935838242318103,3.9802579207132624e-5,0.07697818818659449,0.2850262697022767,0,1.990128960356631e-4,0,1.3930902722496418e-4
control,0.023848219740193875,0.01590649745841834,1.0373802690272831e-4,9.221157946909183e-5,0,0.7379462175962747,0.0018442315893818365,2.3052894867272956e-5,0.10770312481989926,0.11238286247795568,0,1.4984381663727422e-4,0,0
control,0.06697201984004557,0.04224315921873888,2.373211192063982e-5,0.004556565488762845,4.746422384127964e-5,0.5103827989652799,0.028193748961720104,6.644991337779149e-4,0.10539430903956143,0.23741604765408073,2.373211192063982e-5,0.0035835489000166127,0,4.983743503334362e-4
hyper,0.044484868529849515,0.08213439170938758,5.328629439758925e-4,0.0013413446520772468,1.8374584275030776e-5,0.4583356301563677,0.007772449148338019,9.187292137515388e-5,0.10405527074949929,0.29974459327857705,0,0.0013964684049023392,0,9.187292137515388e-5
control,0.049722832839529774,0.02778839720921342,2.1504348657172895e-4,0.0016486667303832552,0,0.5099397878237599,0.011445092229762019,2.1504348657172895e-4,0.06759533594571347,0.3300917518876039,0,8.601739462869158e-4,0,4.7787441460384213e-4
hyper,0.022631907865369165,0.049087879058417404,7.439811921554624e-5,1.4879623843109247e-4,0,0.698032913727941,0.005178109097402018,4.463887152932774e-5,0.09389042645001934,0.13058357884712674,0,2.529536053328572e-4,0,7.439811921554624e-5
control,0.046336471551371265,0.051985264019647974,0,1.9102196752626553e-4,1.3644426251876108e-5,0.40102333196889073,0.011829717560376585,5.457770500750443e-5,0.06329649338245327,0.4242188565970801,0,3.8204393505253105e-4,1.3644426251876108e-5,6.549324600900532e-4
control,0.0894516798508136,0.02303967275242879,2.707011158901555e-4,0.0010527265617950492,0,0.6125966252594219,0.01678346918518964,2.1054531235900983e-4,0.08662435708484977,0.16831593828014557,0,0.001443739284747496,0,2.1054531235900983e-4
hyper,0.058925509261876494,0.020464695573520267,0,0.00523866056117738,0,0.4614732319520606,0.01850490888876326,0.001319087191663369,0.06162021595341738,0.37218987317918856,1.884410273804813e-5,7.537641095219251e-5,0,1.6959692464243314e-4
hyper,0.059965958189673985,0.029001003796971153,0,0.0051280932221882776,0,0.4301488238118099,0.03308165670143587,0.0013529437437262688,0.08246410334744468,0.35217998516126214,2.1821673285907563e-5,0.005411774974905075,0,0.0012438353772967312
hyper,0.08174365285745479,0.04291641026658991,5.359588701193005e-4,5.756595271651745e-4,0,0.34775790539333423,0.014848045735156917,9.925164261468528e-5,0.08996168886595073,0.4200329515453481,0,7.543124838716081e-4,0,7.741628123945451e-4
control,0.05990858303707466,0.07492127983748095,6.907059421025902e-4,4.0629761300152364e-4,2.031488065007618e-5,0.5057795835449467,0.02011173184357542,6.094464195022854e-5,0.07993905535804977,0.2575723717623159,0,2.6409344845099034e-4,0,3.250380904012189e-4
hyper,0.07011871815430773,0.05147039805498797,2.8450973799239583e-4,0.0022502133823034945,0,0.4275146781160282,0.023097017820655406,4.655613894421023e-4,0.09629361404960815,0.32423764322478854,2.586452163567235e-5,0.0025864521635672348,0,0.0016553293846830303
control,0.03002264216668118,0.042029521901942,6.531394234956022e-5,0.01802664808847862,0,0.18643864843681965,0.028901419489680398,0.0025145867804580685,0.041169554994339455,0.6325437603413742,0,0.018135504659061222,0,1.5239919881564052e-4
hyper,0.06803948625411316,0.07092665322152637,4.033542086827301e-4,0.0014648126525846513,2.1229168878038425e-5,0.34051586880373635,0.037172274705445284,7.430209107313449e-4,0.0899479885362488,0.38473622757669035,0,0.002802250291901072,0,0.0032268336694618407
control,0.061645712719673874,0.03297249152135932,0,7.022712479873934e-4,0,0.26638347435853515,0.014696310506663013,1.7128567024082765e-4,0.06901099654002946,0.5526360864650063,1.7128567024082767e-5,0.0016614710013360282,0,1.0277140214449659e-4
hyper,0.04568629012984944,0.05010754401338326,0,4.7797339281446664e-4,0,0.436409623197642,0.034075519796064685,3.783956026447861e-4,0.06576117262805704,0.36537082769059187,0,0.001453835736477336,0,2.7881781247510553e-4
control,0.044827434858304926,0.05335693698702287,0,0.004506152068001932,0,0.26002545683311146,0.015683750054863863,9.070825591432459e-4,0.053444719170165765,0.5618937542976694,0,0.004462260976430484,0,8.924521952860967e-4
hyper,0.07488942835289814,0.048352233048451994,2.3278241495128198e-4,1.6627315353662998e-4,0,0.5968208573043796,0.016826843137906954,9.976389212197799e-5,0.08722689634531608,0.1735891722922417,0,0.0014299491204150178,0,3.6580093778058593e-4
hyper,0.0764633533701734,0.02638280180851248,1.732291648621962e-4,6.929166594487848e-5,0,0.2824501533078109,0.017634728982971574,1.3858333188975695e-4,0.07405546797858888,0.5223898695584389,0,1.5590624837597659e-4,0,8.66145824310981e-5
hyper,0.05697700490794489,0.05129674381524203,0,9.467101821171429e-4,0,0.306161090211515,0.029397842497321806,8.47056478736391e-4,0.0664939335808067,0.4790353521512743,0,0.0014698921248660903,0,0.00737437405017564
control,0.0655684186735642,0.040154692247808946,5.273599357123126e-4,4.2691042414806256e-4,2.5112377891062503e-5,0.39190376936792143,0.01963787951081088,1.2556188945531252e-4,0.09075613369829989,0.3891414077999046,0,0.0010044951156425001,0,7.282589588408126e-4
